source_id,respondent_id_text,usia,gender,jk,urutan_raw,urutan,F1,G1,F2,G2,F3,G3,F4,G4,F5,G5,F6,G6,F7,G7,F8,G8,F9,G9,F10,G10,F11,G11,F12,G12,F13,G13,F14,G14,F15,G15,F16,G16,formal_cuq_0_100,genz_cuq_0_100,diff_genz_minus_formal
0106a78d-2954-4800-a9e2-efc7acb587e6,346,18,Perempuan,P,Formal → Gen-Z,F→G,4,4,2,3,4,4,3,4,4,4,3,3,4,4,3,3,4,4,3,3,4,4,3,3,4,4,3,3,4,4,3,2,60.9375,62.5,1.5625
01229bb6-5bff-4a0f-9050-e29333b71f4a,403,17,Laki-laki,L,Formal → Gen-Z,F→G,5,5,1,1,5,4,1,2,5,5,1,2,5,4,1,1,5,5,1,2,5,4,1,2,5,5,1,1,5,4,1,2,50.0,51.5625,1.5625
0294836b-c778-4a49-9e37-111ee09486c1,251,18,Perempuan,P,Formal → Gen-Z,F→G,5,5,4,5,4,3,5,4,5,5,4,5,4,3,3,4,4,4,4,3,5,5,5,4,4,4,5,5,5,4,2,2,81.25,76.5625,-4.6875
03d076db-16f5-4a1c-94ca-a8b5382447bc,124,17,Laki-laki,L,Formal → Gen-Z,F→G,3,3,3,3,4,3,3,3,3,3,3,3,3,3,3,3,3,3,3,3,3,3,3,3,3,3,3,3,3,3,3,3,51.5625,50.0,-1.5625
045ffbe2-0ae4-4aa6-861a-6bea7791af0d,575,18,Perempuan,P,Formal → Gen-Z,F→G,5,5,4,5,5,5,5,5,4,5,5,5,5,5,5,5,5,5,4,5,5,5,5,5,3,4,5,5,5,5,2,2,87.5,93.75,6.25
054e01d7-800b-4c61-9d0b-45b81750bf51,315,17,Perempuan,P,Formal → Gen-Z,F→G,4,4,3,3,4,4,4,4,3,3,4,4,4,4,2,3,4,3,3,4,4,4,4,4,4,4,4,4,4,4,2,3,64.0625,67.1875,3.125
0573feef-3229-44a2-a520-efd6172a948e,35,17,Perempuan,P,Formal → Gen-Z,F→G,3,5,3,4,4,3,4,5,4,4,4,2,4,4,5,3,3,4,4,4,4,4,4,4,4,4,3,4,5,4,2,1,68.75,67.1875,-1.5625
0622fa59-6d8a-4d34-97f7-20aee4483cac,212,17,Perempuan,P,Formal → Gen-Z,F→G,5,5,5,5,5,5,5,5,5,5,5,5,5,5,5,5,5,5,5,5,5,5,5,5,5,5,5,5,5,5,5,5,100.0,100.0,0.0
06a79066-db9c-4036-9e2c-051f4a028aa9,530,17,Perempuan,P,Formal → Gen-Z,F→G,4,4,4,4,4,4,4,4,5,5,4,4,4,4,5,5,4,4,4,5,5,5,4,4,4,4,5,4,4,5,1,1,76.5625,78.125,1.5625
06f7d57a-4487-4fa6-9810-29d6d36f95b3,328,18,Laki-laki,L,Formal → Gen-Z,F→G,4,5,5,5,5,5,5,5,5,5,5,1,4,5,5,1,5,5,2,5,5,5,5,5,5,5,1,5,5,5,4,4,84.375,85.9375,1.5625
073d3a92-bd3d-435b-8dfa-aa1e7ac886b2,490,17,Perempuan,P,Gen-Z → Formal,G→F,5,5,3,4,5,5,5,5,5,5,5,4,3,3,5,5,5,5,4,5,5,5,5,5,5,5,5,5,5,5,4,4,90.625,92.1875,1.5625
079f6dd5-fabd-4588-ae04-e6c1b6ce5c41,26,17,Laki-laki,L,Formal → Gen-Z,F→G,4,3,4,3,3,3,4,4,3,3,2,4,4,4,4,4,2,3,2,2,4,4,4,4,3,3,3,3,4,4,3,3,57.8125,59.375,1.5625
0832a58e-f00c-4231-9fa8-03a55f3a04cc,220,17,Perempuan,P,Formal → Gen-Z,F→G,4,4,2,2,5,5,3,4,5,4,3,2,5,4,3,3,3,4,3,3,5,5,4,4,5,5,1,3,5,5,1,1,64.0625,65.625,1.5625
08daa234-2367-4059-9937-90a2eff70606,66,17,Perempuan,P,Formal → Gen-Z,F→G,3,4,4,4,5,5,5,5,5,4,5,5,3,4,4,4,3,5,4,4,5,5,5,5,4,4,5,3,5,4,1,2,78.125,79.6875,1.5625
0974b85e-ffd6-4a77-a030-740093708a6f,362,17,Perempuan,P,Formal → Gen-Z,F→G,3,5,5,5,5,3,5,1,5,5,1,1,3,3,1,3,3,5,3,3,5,5,1,3,5,4,5,3,5,4,1,1,62.5,59.375,-3.125
09a28d11-6488-4f79-b198-bddafb3e2003,62,17,Perempuan,P,Gen-Z → Formal,G→F,3,3,5,3,4,4,5,5,4,3,2,5,3,3,2,3,3,3,3,3,4,4,3,5,4,4,3,5,4,3,2,3,59.375,67.1875,7.8125
0a436fad-6657-4455-a592-1f1c6723b55d,27,17,Perempuan,P,Formal → Gen-Z,F→G,3,3,2,5,5,3,5,5,4,5,5,5,5,5,5,5,3,5,3,3,4,5,3,5,4,4,3,5,3,5,5,5,71.875,89.0625,17.1875
0b209b64-c8f5-4a34-9b5d-b44b59e29be8,210,17,Laki-laki,L,Gen-Z → Formal,G→F,4,4,2,2,4,4,2,2,4,3,2,3,4,3,1,2,5,3,1,3,4,3,2,2,4,3,2,3,4,3,2,2,48.4375,45.3125,-3.125
0bd3b9e9-3492-4d44-bc1e-8adafe498dbd,81,17,Perempuan,P,Gen-Z → Formal,G→F,3,2,3,4,3,2,4,4,4,2,5,4,4,2,5,4,4,2,3,4,4,2,4,4,3,2,3,4,5,2,5,4,71.875,50.0,-21.875
0c8bcafb-6e9a-490b-815d-b10bebd5e9c4,445,17,Laki-laki,L,Gen-Z → Formal,G→F,4,4,3,4,4,4,4,4,4,4,2,2,4,5,2,4,4,4,4,4,4,4,4,4,4,2,4,4,4,4,2,2,64.0625,67.1875,3.125
0ccf4a13-b0b5-4b1b-a861-bdd4d134d6bb,215,17,Perempuan,P,Formal → Gen-Z,F→G,4,5,4,4,4,5,4,4,5,4,5,5,5,4,4,4,4,5,4,5,4,5,5,5,1,4,4,5,5,5,1,1,73.4375,84.375,10.9375
0d57c6b2-d82c-4dec-ac25-6c253d8fad79,318,17,Perempuan,P,Formal → Gen-Z,F→G,4,5,2,5,5,5,5,1,5,4,5,5,5,5,1,1,5,1,5,5,5,5,5,5,5,5,5,5,5,5,1,1,81.25,73.4375,-7.8125
0da46ff4-163e-4d78-a3bb-02b2f37c79bf,142,17,Perempuan,P,Formal → Gen-Z,F→G,3,3,3,3,3,3,3,3,3,3,3,3,3,3,3,3,3,3,3,3,3,3,3,3,3,3,3,3,3,3,3,3,50.0,50.0,0.0
0e303234-a951-4a3c-8472-c8c0717c8586,426,19,Laki-laki,L,Formal → Gen-Z,F→G,3,4,2,4,5,4,5,2,5,4,5,5,5,5,4,5,4,4,4,3,4,4,5,4,3,3,4,5,5,5,2,2,76.5625,73.4375,-3.125
0fb4d9bc-dde5-41c3-bab7-5aec213bb1b3,557,17,Perempuan,P,Formal → Gen-Z,F→G,4,5,4,4,5,5,5,4,5,5,5,4,5,5,5,4,5,5,4,4,5,5,4,4,5,5,4,4,5,5,3,4,89.0625,87.5,-1.5625
1053746a-d5d2-49c8-95b4-640473cd259c,531,17,Perempuan,P,Formal → Gen-Z,F→G,4,4,2,2,4,4,2,2,4,4,2,2,4,4,2,2,4,4,2,2,4,4,2,2,4,4,2,2,4,4,2,2,50.0,50.0,0.0
10a1fd31-414f-4339-911a-e226ff4cb5e7,134,17,Laki-laki,L,Gen-Z → Formal,G→F,3,4,4,5,4,5,5,5,5,4,5,5,5,5,4,4,4,5,4,5,5,4,5,5,3,3,5,4,5,5,2,2,81.25,84.375,3.125
11266021-7aba-4d7c-bff5-c66bf7d1873f,60,17,Perempuan,P,Gen-Z → Formal,G→F,4,5,2,2,5,5,5,5,5,5,5,5,5,4,2,4,4,4,3,4,5,5,5,5,4,3,3,4,5,5,1,1,73.4375,78.125,4.6875
1173ecaf-a768-453b-98ea-7dcb60cdd8da,220,17,Perempuan,P,Gen-Z → Formal,G→F,4,5,3,3,5,3,4,4,5,4,3,3,4,5,3,3,5,4,3,4,5,4,4,4,5,3,4,4,5,5,1,1,73.4375,67.1875,-6.25
119e2175-efc6-4c68-b0de-a0fe8916a3fe,235,18,Perempuan,P,Formal → Gen-Z,F→G,5,5,4,5,5,3,5,5,5,5,5,5,5,5,4,3,5,4,5,4,5,4,5,5,5,4,5,5,5,3,2,2,92.1875,79.6875,-12.5
11a50c99-295b-496a-a5ce-c7401be6154d,550,17,Perempuan,P,Formal → Gen-Z,F→G,3,3,3,3,3,3,3,3,4,3,4,3,4,3,3,3,4,3,3,3,4,3,3,3,3,3,3,3,3,3,3,3,57.8125,50.0,-7.8125
11c25945-a532-475e-9c6b-ca972079044c,394,17,Laki-laki,L,Formal → Gen-Z,F→G,4,4,3,4,4,4,4,5,4,4,2,5,4,4,5,5,4,4,4,4,4,4,4,4,4,4,5,5,5,5,2,3,71.875,81.25,9.375
12bf2316-cb1c-4b2a-b8d9-18c5fa7f69d7,245,17,Laki-laki,L,Formal → Gen-Z,F→G,5,5,2,5,3,5,5,5,4,5,2,5,4,5,4,5,5,5,4,5,4,5,4,5,4,5,2,5,5,5,1,5,65.625,100.0,34.375
1368a645-8d5d-42a1-9052-32aa5190d967,255,17,Laki-laki,L,Formal → Gen-Z,F→G,5,4,4,3,4,4,5,5,5,5,5,5,4,4,4,4,4,4,4,4,4,4,5,5,5,4,4,4,5,5,1,1,81.25,76.5625,-4.6875
13728bd9-cc06-4520-8441-8a79a42b30ca,169,17,Perempuan,P,Gen-Z → Formal,G→F,4,4,4,5,3,1,5,3,5,5,5,5,5,3,4,4,3,4,4,5,4,4,4,5,3,4,5,5,4,4,3,3,76.5625,75.0,-1.5625
14357745-e383-49b7-8561-ab0867f3915f,407,17,Perempuan,P,Formal → Gen-Z,F→G,4,4,3,4,4,4,4,4,4,4,4,4,4,4,3,3,4,4,3,4,4,4,4,4,4,3,4,4,4,4,3,4,68.75,71.875,3.125
14f41a2e-0c56-46e2-861d-835d4819587d,433,17,Perempuan,P,Formal → Gen-Z,F→G,4,4,4,5,4,4,5,5,4,4,5,5,4,4,5,5,4,4,5,5,4,4,5,5,4,4,5,5,4,4,2,2,81.25,82.8125,1.5625
1507e129-2fe1-4541-bc6b-8968c0289d1c,140,17,Perempuan,P,Formal → Gen-Z,F→G,5,5,5,5,5,5,5,5,5,5,5,5,5,5,5,5,5,5,5,5,5,5,5,5,5,5,5,5,5,5,3,3,96.875,96.875,0.0
15a57dee-8584-46cb-8252-4d8c5af8b8ed,170,17,Laki-laki,L,Formal → Gen-Z,F→G,4,5,5,5,4,5,5,5,4,5,4,5,4,5,4,5,4,5,4,5,5,5,4,5,5,5,5,5,5,5,4,5,84.375,100.0,15.625
16645e9e-f89c-4fa9-ac04-665365cc598a,479,17,Perempuan,P,Formal → Gen-Z,F→G,5,5,5,5,5,5,5,5,5,5,5,5,5,5,5,5,5,5,5,5,5,5,5,5,5,5,5,5,5,5,5,5,100.0,100.0,0.0
16bb8909-14e8-42f3-84be-c877bcf4a598,476,17,Perempuan,P,Gen-Z → Formal,G→F,4,3,4,5,4,4,4,5,4,5,5,4,5,3,5,5,5,4,4,4,2,4,3,5,5,2,4,4,5,5,1,1,75.0,73.4375,-1.5625
16cd147a-2ba9-4ab5-bf71-54b64854ad95,457,18,Perempuan,P,Gen-Z → Formal,G→F,3,3,3,4,4,3,5,5,4,3,5,5,3,3,5,5,4,3,5,5,4,3,5,5,4,3,5,5,4,3,5,5,81.25,73.4375,-7.8125
173c4130-a202-4b77-ac0c-089c85ab27a4,8,17,Perempuan,P,Formal → Gen-Z,F→G,4,3,4,4,3,4,4,4,4,3,4,4,4,4,4,4,4,4,4,4,3,4,4,4,3,4,4,4,3,4,4,4,68.75,71.875,3.125
175c5149-4cfc-47a7-abcc-09caf1811680,146,17,Perempuan,P,Gen-Z → Formal,G→F,3,3,3,3,3,3,3,3,3,3,3,3,3,3,3,3,3,3,3,3,3,3,3,3,3,3,3,3,3,3,3,3,50.0,50.0,0.0
177885cf-811e-448d-a4b4-58047ba07aa2,329,17,Perempuan,P,Gen-Z → Formal,G→F,5,5,3,3,5,5,5,5,5,5,5,5,5,5,4,5,5,5,5,5,5,5,5,5,5,5,5,5,5,5,1,5,89.0625,96.875,7.8125
1990cb57-b9cb-4f4c-a24c-f2c0eaaeeb66,142,17,Perempuan,P,Formal → Gen-Z,F→G,3,3,3,3,3,3,3,3,3,3,3,3,3,3,3,3,3,3,3,3,3,3,3,3,3,3,3,3,3,3,3,3,50.0,50.0,0.0
19ebde73-4bf4-436a-add3-28ac9f2d1b9a,145,18,Perempuan,P,Gen-Z → Formal,G→F,3,3,3,3,3,3,3,3,3,3,3,3,3,3,3,3,3,3,3,3,3,3,3,3,3,3,3,3,3,3,3,3,50.0,50.0,0.0
1a2fc22c-f319-4dc0-aca5-da9fde23ebf6,51,17,Perempuan,P,Formal → Gen-Z,F→G,5,5,5,5,5,5,5,5,5,5,5,1,5,5,5,5,5,5,4,4,5,5,5,5,5,5,5,5,5,5,1,1,92.1875,85.9375,-6.25
1aa71a9f-1eb2-4f1a-a87d-c177c680dbf8,285,17,Perempuan,P,Formal → Gen-Z,F→G,3,4,3,5,3,4,4,5,3,5,5,5,4,5,4,3,4,4,2,3,5,5,4,5,4,5,5,5,4,4,2,2,67.1875,82.8125,15.625
1ae630f9-f77f-486b-a2fe-45b9986291c9,304,17,Laki-laki,L,Gen-Z → Formal,G→F,3,3,3,3,3,3,3,3,3,3,3,3,3,3,3,3,3,3,3,3,3,3,3,3,3,3,3,3,3,3,3,3,50.0,50.0,0.0
1bcf70bf-88c3-49c3-a413-fcc0f218afda,115,17,Perempuan,P,Formal → Gen-Z,F→G,4,4,3,4,4,4,4,4,4,4,4,2,3,3,4,3,4,4,3,4,4,4,4,4,3,3,3,3,3,4,2,2,62.5,62.5,0.0
1d265d5a-f0e5-4d47-8ba5-2039255048a0,222,17,Perempuan,P,Formal → Gen-Z,F→G,4,5,3,3,4,4,4,4,4,5,4,4,3,3,3,2,5,4,4,3,5,4,4,4,3,4,4,4,4,4,2,2,68.75,67.1875,-1.5625
1dbfb68d-2489-4e48-ab2f-a0cc9be70352,64,18,Perempuan,P,Gen-Z → Formal,G→F,5,5,3,4,5,5,4,4,5,5,4,4,5,5,5,4,5,5,5,4,5,2,5,4,5,5,5,4,5,5,1,1,87.5,78.125,-9.375
1deea36d-6e13-4cb1-a1e4-429af88a6f26,522,18,Laki-laki,L,Gen-Z → Formal,G→F,4,5,4,4,5,5,5,5,5,5,5,5,3,3,5,4,5,5,4,5,4,5,5,4,5,5,5,5,4,5,3,3,85.9375,89.0625,3.125
1f4a40fc-1691-4f35-a483-747efd907e8d,508,17,Perempuan,P,Formal → Gen-Z,F→G,4,3,3,3,3,3,3,3,3,3,3,3,3,3,3,3,3,3,3,3,3,3,3,3,3,3,3,3,3,3,3,3,51.5625,50.0,-1.5625
20235c86-de4c-4bcf-a185-edf00af9f960,263,17,Perempuan,P,Gen-Z → Formal,G→F,5,5,4,5,5,5,5,5,5,5,5,5,5,5,5,5,5,5,5,5,5,5,5,5,5,5,5,5,5,5,2,3,93.75,96.875,3.125
20ef3677-0acf-4b00-b9fa-e57535fb7307,529,17,Perempuan,P,Gen-Z → Formal,G→F,4,5,4,5,5,5,5,5,5,5,5,5,5,5,5,5,5,5,5,5,5,5,5,5,5,5,5,5,5,5,3,5,93.75,100.0,6.25
219dec00-9c71-442a-9d69-d092fa6f822c,486,17,Perempuan,P,Gen-Z → Formal,G→F,3,4,2,2,4,4,4,4,4,4,4,4,4,3,3,2,3,4,3,3,4,4,2,3,4,4,2,4,5,4,2,2,57.8125,60.9375,3.125
22f3b9d0-9da5-4e3e-83bc-09cd4e9fb3e7,423,18,Perempuan,P,Gen-Z → Formal,G→F,5,5,5,5,5,5,5,5,5,5,5,5,5,5,5,5,5,5,5,5,5,5,5,5,5,5,5,5,5,5,2,5,95.3125,100.0,4.6875
24010b42-ac20-4210-bf47-41d488bbf305,504,18,Perempuan,P,Formal → Gen-Z,F→G,4,4,4,4,4,4,4,4,4,4,4,4,4,4,3,4,3,3,3,3,3,3,4,3,3,3,3,3,4,3,3,3,64.0625,62.5,-1.5625
242e3998-ef17-460d-ad27-53abf28c8571,143,17,Perempuan,P,Gen-Z → Formal,G→F,4,5,2,4,4,5,4,4,5,5,4,5,5,5,4,4,5,5,4,4,5,5,5,5,5,4,5,5,5,5,1,1,79.6875,85.9375,6.25
2448b326-e4aa-4051-9e07-343baf45aeeb,107,17,Perempuan,P,Formal → Gen-Z,F→G,4,4,4,5,4,5,5,5,5,5,4,5,4,4,3,5,3,5,3,4,4,4,5,4,5,4,5,4,3,4,3,3,75.0,84.375,9.375
253af85c-9470-4638-a825-893a41426658,405,18,Perempuan,P,Formal → Gen-Z,F→G,3,3,2,2,3,1,1,1,2,1,2,2,2,3,1,1,3,2,1,1,1,1,3,2,2,1,1,1,4,4,3,3,28.125,20.3125,-7.8125
26699713-d111-43e6-a7fc-ff553410f6e6,151,18,Laki-laki,L,Formal → Gen-Z,F→G,3,3,3,3,3,3,3,3,3,3,3,3,3,3,3,3,3,3,3,3,3,3,3,3,3,3,3,3,3,3,3,3,50.0,50.0,0.0
27515832-0b48-4410-a2b9-eed8fbb07937,182,18,Perempuan,P,Gen-Z → Formal,G→F,5,5,4,5,5,5,5,5,5,5,5,5,5,5,5,5,5,5,4,5,5,5,5,5,5,5,5,5,5,5,5,5,96.875,100.0,3.125
27ed1d4c-5475-48ba-bc72-556ce79625b7,419,18,Perempuan,P,Formal → Gen-Z,F→G,4,4,3,4,4,4,4,4,5,4,4,4,4,4,3,3,4,3,3,3,4,3,4,3,3,3,3,3,4,4,2,4,65.625,64.0625,-1.5625
28b9afc0-0218-4a6b-8c0c-6b2c40322bea,44,18,Laki-laki,L,Formal → Gen-Z,F→G,3,3,3,3,3,3,3,3,3,3,3,3,3,3,3,3,3,3,3,3,3,3,3,3,3,3,3,3,3,3,3,3,50.0,50.0,0.0
29ac5e63-428a-46ad-9cb3-e7f5496d270e,178,17,Laki-laki,L,Formal → Gen-Z,F→G,4,4,2,3,4,4,5,5,5,5,5,4,4,5,5,4,4,4,5,4,5,5,5,4,1,4,5,4,5,5,4,4,81.25,81.25,0.0
29ea1a7d-3990-42a2-a029-82b58a391518,1,17,Perempuan,P,Formal → Gen-Z,F→G,5,5,4,4,5,5,4,4,5,5,1,1,5,5,4,4,5,5,4,4,5,5,4,4,5,5,4,4,5,5,1,1,78.125,78.125,0.0
2a74cb76-6c40-41fa-b04f-bebfa9fc083f,330,17,Laki-laki,L,Formal → Gen-Z,F→G,5,5,1,3,5,5,5,5,5,5,1,5,5,4,1,5,5,5,5,5,5,5,5,5,5,5,1,5,5,5,1,1,68.75,89.0625,20.3125
2ad9a6e7-099a-44d5-b145-f72f3ba82f63,381,17,Perempuan,P,Formal → Gen-Z,F→G,4,4,4,4,4,5,5,4,5,4,4,5,5,5,5,5,4,4,4,4,5,4,5,4,4,4,5,1,4,5,2,2,82.8125,75.0,-7.8125
2b6841e2-b2f0-4012-9704-d31abcdb03e9,374,17,Perempuan,P,Formal → Gen-Z,F→G,1,4,1,5,4,5,4,5,4,5,5,5,5,4,5,5,4,5,3,3,5,4,5,5,4,4,5,5,5,5,5,5,76.5625,90.625,14.0625
2b840b20-8af4-4aa1-94c4-2e29e59852c6,232,18,Perempuan,P,Gen-Z → Formal,G→F,5,4,3,3,4,4,5,5,5,5,5,5,5,5,5,5,5,5,5,1,5,5,5,5,4,5,5,5,5,5,2,1,89.0625,81.25,-7.8125
2baa7878-7fa6-4aec-a637-3c0a5373a698,233,17,Perempuan,P,Formal → Gen-Z,F→G,4,4,4,4,4,3,5,4,4,4,4,4,3,3,4,4,4,4,4,4,4,4,4,4,4,4,4,4,5,5,3,3,75.0,71.875,-3.125
2eadb361-c5dc-48e4-a128-2d5e2887d8fb,49,19,Perempuan,P,Formal → Gen-Z,F→G,4,5,5,3,2,4,5,5,5,5,2,5,4,3,5,5,4,4,3,3,5,5,5,5,3,3,3,3,5,5,2,2,71.875,76.5625,4.6875
2f67d66e-525f-4834-9be7-fe14c5851b90,81,18,Perempuan,P,Formal → Gen-Z,F→G,4,5,4,5,5,3,5,3,5,3,5,1,5,3,5,2,5,3,5,3,4,2,5,3,5,3,4,3,5,3,5,3,93.75,50.0,-43.75
2f6e0d24-baa8-4344-8943-ef9d99fb479e,421,18,Perempuan,P,Formal → Gen-Z,F→G,4,4,2,3,4,4,5,3,4,3,5,3,4,3,3,3,4,4,3,3,4,4,4,4,4,4,4,3,4,3,3,3,70.3125,59.375,-10.9375
3123b386-7628-4851-a4fa-a005803e3258,430,18,Laki-laki,L,Formal → Gen-Z,F→G,4,5,5,5,5,5,5,5,5,5,5,5,5,4,3,3,4,4,4,3,5,4,4,5,5,4,4,5,4,4,1,2,81.25,81.25,0.0
31540e31-cc90-4e2e-84b0-0f0f9a7b1f6b,111,18,Perempuan,P,Formal → Gen-Z,F→G,5,5,5,5,5,5,5,5,5,5,5,5,5,5,5,5,5,5,5,5,5,5,5,5,5,5,5,5,5,5,5,5,100.0,100.0,0.0
341ec071-4755-4319-a8d2-8b1af30821f5,4,17,Perempuan,P,Formal → Gen-Z,F→G,3,3,3,4,4,4,4,4,4,3,3,4,3,3,5,4,2,4,4,4,4,3,4,4,3,3,3,4,4,4,2,3,60.9375,65.625,4.6875
345eb9c8-4f9d-47b7-8f12-04420b7b9bed,428,17,Perempuan,P,Gen-Z → Formal,G→F,4,5,4,5,5,4,5,5,5,4,5,5,4,5,5,5,4,5,5,5,5,5,5,4,5,5,5,4,5,4,3,3,90.625,89.0625,-1.5625
35b186ce-bdd2-4347-86c5-31eadacd41e7,173,18,Laki-laki,L,Gen-Z → Formal,G→F,3,3,3,3,4,4,4,3,3,3,3,2,3,3,3,3,4,3,3,3,3,3,3,3,3,3,2,3,3,3,3,3,53.125,50.0,-3.125
35bdf4d1-77b8-47e6-bdf8-7d89cdc9aa0e,57,17,Laki-laki,L,Gen-Z → Formal,G→F,5,4,4,4,5,4,4,4,5,4,4,1,2,5,4,4,5,5,4,4,4,3,4,4,4,5,4,1,4,5,4,1,78.125,65.625,-12.5
35ce588e-24bd-4cbe-a50c-ad77f77e5093,350,17,Perempuan,P,Formal → Gen-Z,F→G,4,5,2,1,4,5,2,1,4,5,2,1,4,5,2,1,4,5,2,1,4,5,2,1,4,5,2,1,4,5,2,1,50.0,50.0,0.0
379375a4-49fb-48e4-bf3c-9d3e5fcc04dc,289,17,Perempuan,P,Formal → Gen-Z,F→G,5,5,4,5,5,5,4,5,5,5,5,5,5,5,4,5,5,5,5,5,5,5,5,5,5,5,5,5,5,5,1,1,89.0625,93.75,4.6875
387aa40c-47cd-485f-916a-d6d3a5eaa420,97,17,Perempuan,P,Formal → Gen-Z,F→G,4,4,4,4,4,3,5,5,3,4,5,5,5,4,4,4,4,4,4,4,4,5,5,4,4,4,4,4,4,4,5,5,81.25,79.6875,-1.5625
38ced526-640a-4cbe-95dc-0371e471cb6b,439,18,Laki-laki,L,Gen-Z → Formal,G→F,4,4,3,3,5,5,4,3,4,4,4,4,3,3,3,3,3,4,4,3,3,3,4,3,3,4,3,3,4,5,3,3,64.0625,64.0625,0.0
3a7e6ceb-dba9-4e53-a45f-00db9ae2fac5,70,18,Perempuan,P,Formal → Gen-Z,F→G,5,3,2,2,4,3,4,1,5,3,1,1,5,2,2,4,5,4,3,2,4,5,4,4,4,4,4,4,4,4,2,2,65.625,50.0,-15.625
3bbded40-2901-4cf1-8805-74153539ad4c,417,17,Perempuan,P,Gen-Z → Formal,G→F,4,5,5,3,3,3,5,5,4,4,5,5,4,4,5,5,4,4,5,2,4,4,5,5,4,4,5,5,5,5,1,1,81.25,75.0,-6.25
3e12207c-dc1d-4339-b821-9a09acfb077b,140,17,Perempuan,P,Formal → Gen-Z,F→G,4,5,5,5,5,5,5,5,5,5,5,5,5,5,5,5,5,5,5,5,5,5,5,5,4,5,5,5,5,5,3,3,93.75,96.875,3.125
3e728dc2-1d76-49c4-a330-abccfd44b67a,301,18,Perempuan,P,Gen-Z → Formal,G→F,4,1,5,2,4,1,5,3,4,1,5,5,4,1,5,3,4,3,5,4,2,5,5,3,4,2,5,3,4,3,2,3,79.6875,42.1875,-37.5
3e9227d7-409f-40dd-b760-477026960106,234,17,Perempuan,P,Formal → Gen-Z,F→G,5,5,3,4,4,4,4,4,4,4,4,4,5,5,3,4,4,4,4,4,5,5,4,4,5,5,4,4,5,5,2,2,76.5625,79.6875,3.125
3e9c15c6-a35c-43a7-9eaa-5720a61720ff,157,17,Laki-laki,L,Formal → Gen-Z,F→G,5,5,5,5,5,5,5,5,5,5,5,5,5,5,5,5,5,5,5,5,5,5,5,5,5,5,5,5,5,5,1,1,93.75,93.75,0.0
3e9dace1-402a-48d7-b5a0-f2698aee9322,579,18,Perempuan,P,Formal → Gen-Z,F→G,5,5,5,5,5,5,5,5,5,5,5,5,5,5,5,5,5,5,5,5,5,5,5,5,5,5,5,5,5,5,4,4,98.4375,98.4375,0.0
3eb7e9db-6c2b-4342-809e-56d4dea2038b,285,17,Perempuan,P,Formal → Gen-Z,F→G,4,5,3,5,5,5,5,5,4,5,5,5,4,5,5,5,4,5,5,5,4,5,5,5,5,5,5,5,5,5,2,1,84.375,93.75,9.375
3eff5e4e-17c7-4d03-8be3-e0808b0f3c14,38,18,Perempuan,P,Gen-Z → Formal,G→F,4,4,5,5,4,4,5,5,4,4,5,5,4,4,5,5,4,4,5,5,4,4,5,5,4,4,5,5,4,4,5,5,87.5,87.5,0.0
3f920fa2-4071-477f-a175-8919bde32bcc,364,17,Laki-laki,L,Gen-Z → Formal,G→F,1,2,1,2,2,2,2,2,2,3,2,2,2,3,3,2,1,2,4,1,4,3,4,2,3,2,2,2,3,5,3,2,35.9375,32.8125,-3.125
40d00e2e-7be0-446e-93f9-72c4e1dd09d3,285,17,Perempuan,P,Formal → Gen-Z,F→G,3,5,3,5,4,4,4,5,2,4,3,2,2,5,4,4,4,5,3,2,4,5,4,5,5,5,5,5,5,5,1,1,62.5,79.6875,17.1875
41f9d17c-958f-468a-b312-cbb81ad5862e,125,17,Laki-laki,L,Formal → Gen-Z,F→G,3,3,4,3,5,3,4,3,4,3,4,3,5,3,4,3,5,3,3,3,3,3,3,3,3,3,3,3,3,3,3,3,67.1875,50.0,-17.1875
424f338b-7a18-4038-ba4f-501ba089e420,472,18,Laki-laki,L,Formal → Gen-Z,F→G,5,5,4,5,5,5,5,5,5,5,5,5,5,5,2,5,5,5,4,5,5,5,5,5,5,5,5,5,5,5,1,1,85.9375,93.75,7.8125
43dcaa5d-79c7-403e-a6db-07c7b6e56b50,440,17,Perempuan,P,Gen-Z → Formal,G→F,5,5,2,5,5,5,5,5,5,5,4,1,5,5,5,5,5,5,5,5,5,5,5,5,1,5,5,5,5,5,1,1,81.25,87.5,6.25
46242757-5f3e-4c5e-9e60-d29ff448b2a6,329,17,Perempuan,P,Gen-Z → Formal,G→F,5,5,3,3,5,5,5,5,5,5,5,5,5,5,5,5,5,5,5,5,5,5,5,5,5,5,5,5,5,5,1,1,90.625,90.625,0.0
4786b2ff-c9ee-4963-8a91-a699cd4670bb,290,17,Perempuan,P,Formal → Gen-Z,F→G,5,5,5,5,5,5,5,5,5,5,5,5,5,5,5,5,5,5,5,5,5,5,5,5,5,5,5,5,5,5,3,5,96.875,100.0,3.125
4805ba06-fbd4-487d-a63c-86452b080ca5,264,19,Laki-laki,L,Formal → Gen-Z,F→G,5,5,2,3,4,3,5,5,5,5,5,5,5,4,3,3,5,5,5,1,5,5,5,5,4,5,5,5,5,5,1,1,82.8125,76.5625,-6.25
480679fe-eeff-4931-849a-3250ffff5cbe,7,18,Perempuan,P,Formal → Gen-Z,F→G,3,3,3,3,3,4,5,4,5,5,2,4,3,2,5,4,5,4,5,4,5,3,5,3,4,1,5,1,5,2,4,4,79.6875,54.6875,-25.0
49c465d9-00e8-469b-a4ed-f76ad2463c64,582,18,Laki-laki,L,Formal → Gen-Z,F→G,3,3,3,3,3,3,3,3,3,3,3,3,3,3,3,3,3,3,3,3,3,3,3,3,3,3,3,3,3,3,3,3,50.0,50.0,0.0
4b0e4dd1-d0fa-4206-8ce7-b121055e7d74,267,18,Laki-laki,L,Formal → Gen-Z,F→G,3,4,2,2,5,3,4,1,3,4,3,1,2,3,4,1,4,5,2,4,3,4,3,3,5,2,1,4,3,5,3,3,53.125,51.5625,-1.5625
4c4fdaef-cd90-4132-b533-9e41c636858e,263,17,Perempuan,P,Gen-Z → Formal,G→F,5,5,5,5,5,5,5,5,5,5,5,5,5,5,5,5,5,5,5,5,5,5,5,5,5,5,5,5,5,5,5,5,100.0,100.0,0.0
4de9a253-babc-4fcd-b0f5-915f3dca7431,201,18,Perempuan,P,Formal → Gen-Z,F→G,5,5,4,5,3,4,5,5,5,4,4,5,4,5,4,5,5,5,3,3,5,5,2,5,5,4,5,5,4,5,3,4,78.125,90.625,12.5
4e225b02-4ff2-4c7b-9bab-9adbed380ef4,209,17,Perempuan,P,Formal → Gen-Z,F→G,4,4,5,5,5,5,5,5,5,5,5,5,4,4,5,5,5,4,5,5,5,5,5,5,4,5,5,5,3,5,3,3,89.0625,92.1875,3.125
4e4e6d5f-389a-4dcb-b6fe-330095a36a5d,335,18,Perempuan,P,Formal → Gen-Z,F→G,3,3,3,3,3,3,4,3,3,3,4,3,2,3,3,3,3,3,3,3,3,3,4,3,3,3,3,3,3,3,3,3,53.125,50.0,-3.125
4ea6a3ae-812d-4b4f-86a4-59e4f02c0ebe,250,17,Perempuan,P,Formal → Gen-Z,F→G,4,5,5,3,3,4,5,4,5,5,5,3,4,3,5,3,3,4,4,5,5,5,5,5,4,3,4,3,4,4,3,3,81.25,71.875,-9.375
4f00dff6-8688-4173-9a6e-91e4d1b5b58d,199,17,Perempuan,P,Gen-Z → Formal,G→F,4,4,2,3,4,3,5,5,4,4,5,5,3,3,4,4,3,3,3,3,4,4,3,3,3,2,4,2,4,4,3,3,65.625,60.9375,-4.6875
4f2c987a-989d-4de9-9f1f-aacc117fd600,108,17,Perempuan,P,Formal → Gen-Z,F→G,4,4,3,2,4,4,2,2,4,4,2,2,4,4,2,2,4,4,2,2,4,4,2,2,4,4,2,2,4,4,2,2,51.5625,50.0,-1.5625
50c5efda-db83-4755-851c-0156532a530c,541,17,Laki-laki,L,Formal → Gen-Z,F→G,4,4,4,4,4,4,4,4,5,5,4,4,4,4,5,5,4,4,4,5,5,5,4,4,4,4,5,4,4,5,1,1,76.5625,78.125,1.5625
50eac256-66f8-4ad3-a223-b723f527d723,85,17,Perempuan,P,Formal → Gen-Z,F→G,5,5,5,5,4,5,5,5,5,5,5,5,5,5,5,5,5,5,5,5,5,5,5,4,4,5,5,4,5,5,2,2,92.1875,92.1875,0.0
51207ad9-10ff-4ab1-9ee5-c620194aeb31,30,18,Perempuan,P,Formal → Gen-Z,F→G,4,5,4,4,5,5,5,5,4,5,5,5,5,5,5,5,4,5,5,5,5,5,5,4,5,4,5,5,5,5,5,5,93.75,95.3125,1.5625
51ac3080-2858-4702-94fe-a0d2bd011289,342,17,Laki-laki,L,Formal → Gen-Z,F→G,4,4,3,5,4,3,5,5,4,3,3,3,3,4,5,5,3,3,3,4,3,4,4,5,3,4,4,5,4,4,3,2,65.625,73.4375,7.8125
51f8b4bd-d76c-40f9-af94-25c6f9b3e157,208,18,Perempuan,P,Formal → Gen-Z,F→G,5,5,4,5,5,5,1,1,5,5,1,1,4,5,5,5,5,5,5,5,5,5,5,5,5,5,5,5,5,5,5,5,84.375,87.5,3.125
52300fd1-0014-4ff6-a0e7-e4e624361c60,363,16,Laki-laki,L,Formal → Gen-Z,F→G,4,4,3,3,5,5,5,5,4,4,5,5,4,4,4,4,5,5,3,3,4,4,5,5,5,5,5,5,5,5,5,5,85.9375,85.9375,0.0
5241f5e4-c73d-4033-8847-f0580e8bc3e7,174,17,Laki-laki,L,Formal → Gen-Z,F→G,4,4,3,5,4,5,5,5,3,4,4,2,4,5,5,5,4,5,5,5,4,5,5,4,4,4,4,4,5,5,5,4,81.25,85.9375,4.6875
5261c8d1-a7fc-4cda-b668-758005f755e8,153,18,Perempuan,P,Formal → Gen-Z,F→G,3,3,3,3,3,3,3,3,3,3,3,3,3,3,3,3,3,3,3,3,3,3,3,3,3,3,3,3,3,3,3,3,50.0,50.0,0.0
529d6d65-d100-425c-9f77-cdc4d7f6b328,302,17,Laki-laki,L,Formal → Gen-Z,F→G,4,3,3,2,4,3,3,2,4,4,2,2,4,4,3,3,3,3,4,2,4,3,3,2,3,3,2,2,4,4,3,3,57.8125,45.3125,-12.5
52bd32bd-ba64-4c46-8020-848fcb3751ad,579,18,Perempuan,P,Formal → Gen-Z,F→G,5,5,5,5,5,5,5,5,5,5,5,5,5,5,4,5,5,5,5,5,5,5,5,5,5,5,5,5,4,5,4,4,95.3125,98.4375,3.125
52d81ced-637c-4ba4-9a5e-c78255d7eafb,43,17,Laki-laki,L,Formal → Gen-Z,F→G,3,3,3,3,3,3,3,3,3,3,3,3,3,3,3,3,3,3,3,3,3,3,3,3,3,3,3,3,3,3,3,3,50.0,50.0,0.0
53070b25-9d55-4f03-be46-709ec2188ce4,398,17,Perempuan,P,Gen-Z → Formal,G→F,4,5,3,4,4,3,4,5,3,3,5,1,3,4,4,3,4,4,3,2,3,5,4,5,3,3,4,3,5,4,3,3,67.1875,64.0625,-3.125
53e15dba-7530-48f5-9ab0-84dc7d2bf0e9,360,17,Perempuan,P,Gen-Z → Formal,G→F,4,4,4,4,5,5,5,4,5,4,4,4,5,5,5,5,5,5,4,4,4,3,4,5,3,5,4,5,4,5,2,2,79.6875,82.8125,3.125
547df7b8-31d1-4d94-adb4-384975e2c229,212,17,Perempuan,P,Formal → Gen-Z,F→G,5,5,5,5,5,5,5,5,5,5,5,5,5,5,5,5,5,5,5,5,5,5,5,5,5,5,5,5,5,5,5,5,100.0,100.0,0.0
54846310-2187-4942-b3e0-d1c631cf9228,561,17,Laki-laki,L,Formal → Gen-Z,F→G,5,5,5,5,5,5,5,5,5,5,5,5,5,5,5,5,5,5,5,5,5,5,5,5,5,5,5,5,5,5,5,5,100.0,100.0,0.0
559c5d5f-d410-4dd8-81ff-071aea6c50d6,341,18,Laki-laki,L,Gen-Z → Formal,G→F,4,4,3,3,5,4,4,3,4,4,3,3,4,4,4,2,4,3,3,2,4,4,3,3,3,4,2,3,4,4,2,3,62.5,57.8125,-4.6875
56ab70c9-36d4-4270-a6d1-33ab173b3fbe,28,17,Laki-laki,L,Formal → Gen-Z,F→G,4,4,4,4,4,4,4,4,4,3,4,4,3,4,4,4,4,4,3,3,4,4,4,4,4,4,4,4,4,4,2,2,68.75,68.75,0.0
576ff104-6bf4-4a11-908f-38b36a6fa6f8,42,17,Perempuan,P,Formal → Gen-Z,F→G,3,4,4,4,4,4,5,4,5,4,4,4,3,4,5,5,3,3,5,4,4,4,5,5,4,3,5,5,4,3,4,4,79.6875,75.0,-4.6875
57f66e18-243e-4bd7-8da8-1627ff20e81b,189,17,Perempuan,P,Formal → Gen-Z,F→G,4,4,2,2,4,4,4,4,4,4,3,2,3,4,4,3,4,3,3,3,4,4,3,3,4,4,2,2,4,4,2,2,59.375,56.25,-3.125
580e20ea-974e-4ff6-8c4b-c06cf924452e,227,17,Perempuan,P,Formal → Gen-Z,F→G,5,5,3,5,5,5,5,5,5,5,5,5,5,5,5,5,5,5,5,5,5,5,5,5,5,5,5,5,5,5,5,5,96.875,100.0,3.125
58f7946a-21e0-40ae-b373-7c3e88b02c05,562,17,Laki-laki,L,Gen-Z → Formal,G→F,5,5,1,5,5,5,1,1,5,5,1,5,5,5,1,5,5,5,1,3,5,5,1,5,5,5,1,5,5,5,1,4,50.0,89.0625,39.0625
59f78b79-2e42-4a1d-b75e-af4e568e4335,284,17,Perempuan,P,Formal → Gen-Z,F→G,4,4,4,5,4,4,4,5,4,5,5,5,3,4,5,5,4,5,5,5,5,5,5,5,3,4,5,5,5,5,1,1,78.125,87.5,9.375
5ac1ff80-e792-4ceb-97a7-ec2cba8836bb,511,18,Perempuan,P,Formal → Gen-Z,F→G,4,4,3,2,4,4,5,2,5,4,3,2,3,4,2,2,4,4,2,2,4,4,3,2,3,4,3,2,4,4,2,2,59.375,50.0,-9.375
5c27b513-db92-4bc0-a5d8-22ecc5d84881,469,17,Laki-laki,L,Formal → Gen-Z,F→G,3,4,4,5,4,4,5,5,5,5,5,4,4,3,4,3,3,4,4,4,4,5,5,5,4,4,4,4,5,5,1,1,75.0,76.5625,1.5625
5c553f37-9ec3-4520-9483-3d0afc1829ce,425,17,Perempuan,P,Gen-Z → Formal,G→F,4,4,4,4,4,4,5,4,4,4,4,4,3,3,4,4,4,4,4,4,5,5,4,5,4,4,4,4,4,4,4,4,76.5625,76.5625,0.0
5e1e76ed-8f78-4739-8b29-18d45b19f3ea,88,17,Laki-laki,L,Gen-Z → Formal,G→F,5,5,1,1,5,5,1,1,5,5,1,1,5,5,1,1,5,5,1,1,5,5,1,1,5,5,1,1,5,5,1,1,50.0,50.0,0.0
5ed82ebd-5ba9-4439-8798-170f9923d8a6,23,17,Perempuan,P,Formal → Gen-Z,F→G,4,5,1,5,3,2,5,5,4,5,5,2,3,3,3,3,4,4,4,3,4,4,5,4,3,2,3,4,4,4,2,2,64.0625,64.0625,0.0
5fa50a37-483d-47b7-87bd-7356d0355c5e,21,17,Perempuan,P,Formal → Gen-Z,F→G,3,4,4,3,3,4,2,4,3,4,2,4,4,3,4,4,3,4,3,3,4,4,2,3,3,3,3,4,4,4,3,2,53.125,64.0625,10.9375
604aab42-3539-4d4f-885f-312eb28e11f6,265,18,Perempuan,P,Formal → Gen-Z,F→G,4,5,3,5,4,4,5,5,5,5,1,5,5,4,3,2,5,1,1,4,5,5,5,5,5,5,5,5,5,5,1,1,71.875,78.125,6.25
61a1d99c-800c-4e3d-9d1e-d5c2d8aef14b,447,17,Perempuan,P,Formal → Gen-Z,F→G,4,4,3,4,4,5,4,4,5,4,5,4,4,4,4,4,4,4,5,4,5,5,5,4,4,4,5,4,4,4,3,3,81.25,76.5625,-4.6875
63cbdaf2-7ee6-455a-94bf-a6e6f5336526,146,17,Perempuan,P,Formal → Gen-Z,F→G,4,4,4,4,3,4,4,4,4,4,4,4,3,3,4,3,3,3,4,3,4,4,4,4,3,2,4,4,4,4,2,2,65.625,62.5,-3.125
63e87aa7-c6a9-4ad4-b3fb-b82510f86126,435,17,Laki-laki,L,Formal → Gen-Z,F→G,4,4,5,5,4,4,5,5,4,4,5,5,4,4,5,5,4,4,5,5,4,4,5,5,4,4,5,5,4,4,2,2,82.8125,82.8125,0.0
642fd59c-e1bf-49c2-95a7-764415030095,345,18,Perempuan,P,Formal → Gen-Z,F→G,4,4,2,2,4,4,2,2,4,4,2,2,4,4,2,2,4,4,2,2,4,4,2,2,4,4,2,2,4,4,2,2,50.0,50.0,0.0
645d4f78-1ace-49a8-9b60-e95c8785acad,191,17,Perempuan,P,Formal → Gen-Z,F→G,4,4,3,3,4,5,4,5,5,4,5,5,5,5,5,5,5,5,5,5,5,5,5,5,4,4,5,5,5,5,2,2,85.9375,87.5,1.5625
647c855c-9538-480f-b5cf-8f1b080717a7,152,17,Perempuan,P,Formal → Gen-Z,F→G,3,4,3,4,5,5,5,5,5,5,5,5,4,4,4,5,4,4,4,5,5,5,5,5,5,4,5,5,4,4,4,5,84.375,90.625,6.25
64efeab1-9fe2-455d-902c-3e0b10201dd1,7,18,Perempuan,P,Formal → Gen-Z,F→G,4,3,4,3,5,4,5,5,5,4,5,5,4,4,5,4,4,4,5,3,5,4,5,5,4,3,5,3,5,4,3,3,89.0625,70.3125,-18.75
651aa430-1756-4b0e-90d0-6d4ba76ad8f7,501,17,Perempuan,P,Formal → Gen-Z,F→G,5,5,5,5,5,5,5,5,5,5,5,5,4,5,5,5,4,5,5,5,5,5,5,5,5,5,5,5,5,5,4,5,95.3125,100.0,4.6875
65971491-9fca-4ac2-8faa-f6ae7d97dc33,375,17,Perempuan,P,Gen-Z → Formal,G→F,3,4,2,3,4,4,3,3,4,4,3,3,4,4,3,3,4,4,2,3,4,4,3,3,4,4,2,3,4,4,3,3,56.25,62.5,6.25
65a7d2e5-9997-49c6-9eaf-ddc31d0294f0,229,17,Laki-laki,L,Formal → Gen-Z,F→G,3,3,3,3,3,3,3,3,3,3,3,3,3,3,3,3,3,3,3,3,3,3,3,3,3,3,3,3,3,3,3,3,50.0,50.0,0.0
663928d9-95d9-4f68-a8e1-8f3093b694fc,49,19,Perempuan,P,Formal → Gen-Z,F→G,5,5,5,5,5,5,5,5,4,4,5,5,5,4,5,5,4,5,5,5,5,5,5,5,4,5,5,5,5,5,5,2,95.3125,92.1875,-3.125
665043e7-e292-406f-9e31-c00319f0ee34,142,17,Perempuan,P,Formal → Gen-Z,F→G,3,3,3,3,3,3,3,3,3,3,3,3,3,3,3,3,3,3,3,3,3,3,3,3,3,3,3,3,3,3,3,3,50.0,50.0,0.0
6676e132-3a06-4587-86a6-87eb87b381ca,563,17,Laki-laki,L,Gen-Z → Formal,G→F,4,5,4,5,5,5,5,5,5,5,5,5,4,5,3,4,4,5,3,4,5,5,5,5,5,5,5,5,5,5,2,1,82.8125,90.625,7.8125
66c456e9-fee7-4c6e-a65c-841869384ab5,191,17,Perempuan,P,Formal → Gen-Z,F→G,4,5,3,3,5,5,5,5,5,5,4,5,4,4,5,1,4,5,4,4,5,5,5,4,4,4,4,5,4,5,2,2,79.6875,79.6875,0.0
6751e571-e951-4279-bd25-2a4ca487b238,224,17,Perempuan,P,Gen-Z → Formal,G→F,3,4,4,4,4,5,5,4,4,2,4,4,3,4,4,4,4,2,3,4,3,4,3,4,3,3,4,4,4,3,1,2,62.5,64.0625,1.5625
6766c220-5064-491c-8e72-20d108aaa16a,577,17,Laki-laki,L,Gen-Z → Formal,G→F,5,5,5,5,5,5,5,5,5,5,5,5,5,5,5,5,5,5,5,5,5,5,5,5,5,5,5,5,5,5,4,4,98.4375,98.4375,0.0
67c31d90-10c8-4aa6-9795-e50319bdd250,352,17,Perempuan,P,Formal → Gen-Z,F→G,5,4,5,5,5,5,5,5,5,5,5,5,5,5,5,5,5,5,5,5,5,5,5,5,4,5,4,5,5,5,1,1,90.625,92.1875,1.5625
67fa7809-526e-4358-9aac-fe6fb8f55c9b,537,17,Perempuan,P,Formal → Gen-Z,F→G,4,5,4,5,5,4,5,5,5,5,5,5,5,5,4,5,5,5,5,4,5,5,5,5,4,4,4,4,5,5,5,5,92.1875,93.75,1.5625
68b92707-4f02-4274-8741-80177850e378,249,17,Laki-laki,L,Formal → Gen-Z,F→G,5,5,5,5,5,5,5,5,5,5,5,5,5,5,5,5,5,5,5,5,5,5,5,5,5,5,5,5,5,5,5,5,100.0,100.0,0.0
68e867e6-e362-45a6-ba93-34bfb199b9e7,295,17,Perempuan,P,Gen-Z → Formal,G→F,4,4,4,4,4,4,4,4,4,4,4,4,4,4,4,4,4,4,4,4,4,4,4,4,4,4,4,4,4,4,4,4,75.0,75.0,0.0
69433a40-74f1-40ca-914e-f06ad70bf4e7,5,18,Perempuan,P,Formal → Gen-Z,F→G,4,4,4,4,5,5,5,5,5,5,5,4,4,4,4,4,4,4,4,5,5,5,5,4,4,4,3,2,5,5,2,3,81.25,79.6875,-1.5625
6a16c075-6659-474a-8c34-79dcafa80e1a,33,17,Perempuan,P,Formal → Gen-Z,F→G,3,4,4,5,4,4,5,5,3,4,5,5,4,4,3,3,3,4,2,4,4,4,5,4,4,4,5,5,3,5,2,4,67.1875,81.25,14.0625
6b978a93-c21b-4ef0-8870-3a644f874808,402,17,Perempuan,P,Formal → Gen-Z,F→G,3,4,2,1,4,5,5,4,3,4,5,4,4,3,4,2,3,3,2,3,3,4,4,4,2,4,3,4,3,5,4,4,59.375,65.625,6.25
6c6ccb19-9bd9-44a7-97ea-55d8b3500085,423,18,Perempuan,P,Gen-Z → Formal,G→F,5,5,5,5,5,5,5,5,5,5,5,5,5,5,5,5,5,5,5,5,5,5,5,5,5,5,5,5,5,5,2,5,95.3125,100.0,4.6875
6c8dfe4b-7308-4196-b519-534a8b757996,291,18,Perempuan,P,Gen-Z → Formal,G→F,2,3,3,3,4,3,3,3,3,3,4,4,3,3,4,3,2,3,3,3,2,4,3,4,3,4,4,4,3,3,3,3,51.5625,57.8125,6.25
6cfc7960-1dd8-47ea-9916-6a2bead50b56,336,17,Perempuan,P,Formal → Gen-Z,F→G,4,3,4,4,3,5,4,4,4,4,2,5,4,4,5,5,4,4,4,5,5,4,4,4,4,4,4,5,4,5,2,1,70.3125,78.125,7.8125
6d867e28-74c9-4b36-b7b5-ade6b751669f,212,17,Perempuan,P,Formal → Gen-Z,F→G,5,5,4,5,5,5,5,5,5,5,5,5,5,5,5,5,5,5,5,5,5,5,5,5,5,5,5,5,5,5,5,5,98.4375,100.0,1.5625
6e7a2a76-0b5a-460b-9763-a42ec1f7009a,221,18,Perempuan,P,Formal → Gen-Z,F→G,3,5,4,4,4,5,4,5,5,5,5,4,5,5,1,3,5,5,5,3,5,5,4,4,5,4,5,5,5,5,1,1,78.125,81.25,3.125
6ec7e9a0-db8f-4e41-96bb-2abb43a8b197,9,18,Perempuan,P,Formal → Gen-Z,F→G,2,3,3,3,3,4,5,5,5,5,5,4,3,1,4,5,5,5,5,5,5,5,5,5,3,5,4,5,5,5,4,4,78.125,82.8125,4.6875
6f43177c-1f5e-4790-9993-326736d9c21d,147,17,Laki-laki,L,Formal → Gen-Z,F→G,1,5,1,5,5,5,5,5,5,5,5,3,3,3,3,5,5,4,4,3,4,5,5,4,4,3,3,4,5,5,3,4,70.3125,81.25,10.9375
6fc65fa3-79f2-4093-a14a-3867212adac3,543,17,Perempuan,P,Gen-Z → Formal,G→F,4,4,4,4,5,5,5,5,5,5,5,5,5,5,4,5,5,5,5,5,5,4,4,5,5,4,4,5,5,5,5,5,92.1875,93.75,1.5625
70b4e626-0bd2-4858-95d6-07b82bdc4d1a,8,17,Perempuan,P,Formal → Gen-Z,F→G,2,3,3,3,3,4,5,4,5,5,5,5,3,3,4,1,5,4,5,3,5,3,5,3,4,4,5,5,5,4,4,4,81.25,65.625,-15.625
70c18e1e-7954-4b42-a056-9a5f993306a2,207,17,Laki-laki,L,Gen-Z → Formal,G→F,4,4,3,3,4,4,4,4,4,4,4,3,4,4,4,4,5,4,3,4,4,5,5,5,4,4,4,4,4,5,3,4,73.4375,76.5625,3.125
70dde382-1997-45dc-9b48-5077f81969dd,159,17,Perempuan,P,Formal → Gen-Z,F→G,3,5,2,4,5,5,5,5,5,5,5,5,5,5,5,5,5,5,5,5,5,5,5,5,5,3,5,1,5,5,1,3,85.9375,85.9375,0.0
7149dda4-b79d-4362-a9b7-3272de02b90b,194,17,Perempuan,P,Formal → Gen-Z,F→G,3,3,3,3,5,5,5,4,4,3,4,2,3,3,4,5,5,5,4,5,5,5,5,5,3,4,5,5,5,5,3,3,78.125,76.5625,-1.5625
7226a904-7b22-4e8c-bb96-f2ca255a4711,47,17,Perempuan,P,Formal → Gen-Z,F→G,4,4,4,4,4,4,5,4,4,4,4,4,4,4,4,4,4,5,4,4,4,5,4,4,4,5,4,4,4,4,2,2,73.4375,76.5625,3.125
7231c503-c189-4cdc-aa15-d5f9edb82bb9,86,16,Perempuan,P,Formal → Gen-Z,F→G,5,5,5,5,5,5,5,5,5,5,5,5,5,5,5,5,5,5,5,5,5,5,5,5,5,5,5,5,5,5,2,2,95.3125,95.3125,0.0
726d22d2-2d48-43b5-861f-139e763a5eca,305,17,Perempuan,P,Gen-Z → Formal,G→F,4,4,2,2,4,4,2,2,4,4,2,2,4,4,2,2,4,4,2,2,4,4,2,2,4,4,2,2,4,4,2,2,50.0,50.0,0.0
729ca192-9291-412b-a9b3-37df2ac04ec5,128,18,Laki-laki,L,Formal → Gen-Z,F→G,2,3,2,3,3,4,4,2,3,2,3,2,4,3,4,2,4,3,3,3,4,4,5,4,3,4,2,3,3,3,2,3,54.6875,50.0,-4.6875
72c70c2a-e1be-4412-9916-ea9ec8e5ef75,427,18,Perempuan,P,Gen-Z → Formal,G→F,4,4,4,5,3,1,4,4,5,4,5,4,4,4,3,3,4,5,4,4,5,4,4,5,4,4,5,5,5,5,2,2,76.5625,73.4375,-3.125
74258a6f-35eb-43a6-9dd4-a69779c986f9,40,18,Laki-laki,L,Formal → Gen-Z,F→G,3,4,3,5,4,5,5,5,5,4,5,5,4,4,5,5,3,4,3,5,4,4,5,5,3,3,5,5,5,5,4,5,78.125,89.0625,10.9375
74387f77-073c-4f89-9db7-2b4995853dfb,69,17,Perempuan,P,Gen-Z → Formal,G→F,4,4,4,3,4,5,5,5,4,5,4,4,3,4,3,3,4,4,3,4,4,5,4,5,5,5,5,5,5,5,3,4,75.0,84.375,9.375
74546110-ab38-4a21-9549-077376d97b7a,65,17,Perempuan,P,Gen-Z → Formal,G→F,4,4,3,4,2,1,4,5,5,5,5,5,4,4,4,5,5,5,4,4,5,5,5,5,5,5,5,4,5,5,1,1,78.125,79.6875,1.5625
747d9d8a-1da9-4fdb-93bb-ba6979af92dd,297,18,Laki-laki,L,Gen-Z → Formal,G→F,5,5,1,1,5,5,1,1,5,5,1,1,5,5,1,1,5,5,1,1,5,5,1,1,5,5,1,1,5,5,1,1,50.0,50.0,0.0
757e8e23-10f9-42e8-84cb-3a702438e1ef,3,17,Laki-laki,L,Formal → Gen-Z,F→G,4,3,2,4,4,4,5,4,2,4,3,2,2,4,3,4,2,2,4,2,4,2,3,3,2,4,3,4,2,4,4,4,51.5625,59.375,7.8125
75a4a07c-c7b3-4f74-b671-dc30b95ea4af,229,17,Laki-laki,L,Formal → Gen-Z,F→G,3,3,3,3,3,3,3,3,3,3,4,3,3,3,4,3,3,3,3,3,3,3,3,3,3,3,3,3,4,3,3,3,54.6875,50.0,-4.6875
75b85d21-adde-438f-ae3e-2f37a8ccc562,181,16,Laki-laki,L,Formal → Gen-Z,F→G,4,5,4,5,5,5,5,5,5,5,5,5,5,5,5,5,5,5,5,5,5,5,5,5,5,5,5,4,5,5,1,1,90.625,92.1875,1.5625
769466b2-a4b0-42cc-be1d-6e66e9ee0d9a,332,18,Perempuan,P,Gen-Z → Formal,G→F,5,5,5,5,5,5,5,5,5,5,5,5,5,5,5,5,5,5,5,5,5,5,5,5,5,5,5,5,5,5,1,1,93.75,93.75,0.0
76fd1723-9cd8-4a3e-9807-acc04c2ad248,11,18,Perempuan,P,Gen-Z → Formal,G→F,5,3,3,3,5,3,5,3,4,3,5,3,5,3,5,3,5,3,4,1,5,2,5,1,4,4,5,4,5,4,1,3,85.9375,46.875,-39.0625
77179c1d-72db-429e-9615-c44b21540270,281,18,Perempuan,P,Formal → Gen-Z,F→G,3,4,3,4,4,3,4,5,5,5,4,5,4,3,4,4,4,4,4,4,5,5,5,5,4,4,4,4,3,3,3,2,73.4375,75.0,1.5625
774cb653-6dea-4109-a6d7-d46576af9b8e,168,18,Perempuan,P,Formal → Gen-Z,F→G,5,4,4,4,5,4,5,4,4,4,5,4,3,4,5,4,5,4,5,4,5,5,5,5,4,4,4,4,4,5,2,2,84.375,76.5625,-7.8125
779a7bf6-7bdc-41f1-9bc0-056475f4f009,348,18,Laki-laki,L,Formal → Gen-Z,F→G,3,3,3,3,3,3,3,3,3,3,3,3,3,3,3,3,3,3,3,3,3,3,3,3,3,3,3,3,3,3,3,3,50.0,50.0,0.0
77def62a-9680-455b-bda6-10120130f062,567,17,Perempuan,P,Formal → Gen-Z,F→G,3,3,3,3,3,3,3,3,3,3,3,3,3,3,3,3,3,3,3,3,3,3,3,3,3,3,3,3,3,3,3,3,50.0,50.0,0.0
795c7804-a7cd-448f-b6b7-58ccd3edb418,208,18,Perempuan,P,Gen-Z → Formal,G→F,5,5,5,5,5,5,5,5,5,5,5,5,5,5,5,5,5,5,5,5,5,5,5,5,5,5,5,5,5,5,5,5,100.0,100.0,0.0
79a34436-a91f-45da-950d-66a9f7ec3d64,114,18,Laki-laki,L,Formal → Gen-Z,F→G,3,3,3,3,3,3,3,3,3,3,3,3,3,3,3,3,3,3,3,3,3,3,3,3,3,3,3,3,3,3,3,3,50.0,50.0,0.0
7ad89401-17c7-463b-8e8b-5881707a5c08,294,17,Perempuan,P,Formal → Gen-Z,F→G,3,5,4,5,5,5,5,5,4,5,5,5,5,5,5,5,5,5,5,5,5,5,5,5,5,5,5,5,5,5,3,5,90.625,100.0,9.375
7b0ca48e-5a0a-4620-b918-98fa1fbabf00,110,17,Perempuan,P,Gen-Z → Formal,G→F,4,4,2,4,5,4,5,4,5,4,5,5,4,4,4,5,4,5,4,5,5,5,4,5,5,4,5,5,5,4,1,2,79.6875,82.8125,3.125
7be74c1a-0220-43d5-b9d8-d31291261d4b,218,17,Laki-laki,L,Formal → Gen-Z,F→G,5,5,1,1,5,5,1,1,5,5,1,1,5,5,1,1,5,5,1,1,5,5,1,1,5,5,1,3,5,3,1,2,50.0,51.5625,1.5625
7c92e2ad-73be-4203-9ac9-54592e5a8380,489,17,Laki-laki,L,Gen-Z → Formal,G→F,4,4,3,4,5,5,5,5,4,5,4,5,4,5,5,5,4,5,5,5,5,5,5,5,4,4,3,4,5,5,3,3,81.25,90.625,9.375
7d05ed39-8833-4bf5-9707-8d7841f75643,420,18,Perempuan,P,Formal → Gen-Z,F→G,3,4,3,3,3,3,3,3,3,4,3,4,3,3,3,3,3,3,3,3,3,3,2,3,3,3,3,4,2,3,3,3,46.875,56.25,9.375
7d8b1248-b141-4099-a610-86c905ce99c0,535,17,Perempuan,P,Formal → Gen-Z,F→G,5,5,4,5,5,5,5,5,5,5,5,5,5,5,5,5,5,5,5,5,5,5,5,5,5,5,5,5,5,5,1,1,92.1875,93.75,1.5625
7dd0f9e6-4925-466a-8ad9-7b9ec79c955c,348,18,Laki-laki,L,Gen-Z → Formal,G→F,3,3,3,3,3,3,3,3,3,3,3,3,3,3,3,3,3,3,3,3,3,3,3,3,3,3,3,3,3,3,3,3,50.0,50.0,0.0
7f60a61d-03e7-4a01-9f8f-cb357dfc976e,99,17,Perempuan,P,Formal → Gen-Z,F→G,3,5,3,5,3,4,4,5,4,4,5,4,3,4,4,4,4,4,4,4,4,4,4,4,3,3,4,4,4,4,2,2,65.625,75.0,9.375
7ff69b94-7202-4978-835c-3c048cefc792,231,17,Laki-laki,L,Formal → Gen-Z,F→G,5,5,5,5,5,5,5,5,5,5,5,5,5,5,4,4,5,5,4,5,5,5,5,5,5,5,5,5,5,5,5,5,96.875,98.4375,1.5625
8002243f-05ba-4774-9661-fb11916413f4,399,17,Laki-laki,L,Formal → Gen-Z,F→G,3,4,3,4,4,4,4,4,4,4,4,4,4,4,4,4,4,4,4,4,4,4,4,4,4,4,4,4,4,4,3,3,70.3125,73.4375,3.125
800478df-7b26-4638-bee0-2a472e7a78a6,247,17,Perempuan,P,Formal → Gen-Z,F→G,2,2,5,3,3,2,5,4,5,5,5,3,4,2,3,4,3,3,2,5,3,5,4,5,2,3,3,3,2,4,2,2,57.8125,60.9375,3.125
80683e97-5a27-48e0-8d34-251ba3831c02,171,18,Laki-laki,L,Formal → Gen-Z,F→G,5,5,5,5,5,5,5,5,5,5,5,5,5,5,5,5,5,5,5,5,5,5,5,5,5,5,5,5,5,5,5,5,100.0,100.0,0.0
80fa109f-bddd-4f74-bbca-f4bba99cdead,174,17,Laki-laki,L,Formal → Gen-Z,F→G,4,5,4,4,5,5,4,4,5,5,4,4,5,5,4,4,5,5,4,4,5,5,4,4,5,5,4,4,5,5,4,4,85.9375,87.5,1.5625
81d74bfc-c7f0-4d0d-b8e6-d8bd407b0770,57,17,Laki-laki,L,Gen-Z → Formal,G→F,3,4,4,4,3,3,4,4,2,2,2,4,4,2,2,4,3,5,3,3,3,4,2,4,2,4,4,4,5,4,4,2,53.125,64.0625,10.9375
8312d5b1-187d-46aa-a5d0-99468bb98b76,532,18,Laki-laki,L,Formal → Gen-Z,F→G,3,4,3,3,3,3,1,3,2,3,4,3,2,3,2,2,1,2,4,3,3,2,4,3,3,2,3,4,4,3,3,3,45.3125,46.875,1.5625
8366163f-03e6-4e76-bfab-d682405560dd,6,18,Perempuan,P,Formal → Gen-Z,F→G,2,3,3,3,3,4,5,2,5,5,5,5,3,2,4,1,4,1,5,2,5,2,5,3,4,3,5,3,5,1,3,5,78.125,45.3125,-32.8125
83a1ebea-a9d7-43df-be8e-94fae56b91ba,205,18,Laki-laki,L,Formal → Gen-Z,F→G,5,5,1,1,5,5,1,1,5,5,1,1,5,5,1,1,5,5,1,1,5,5,1,1,5,5,1,1,5,5,1,1,50.0,50.0,0.0
84b60068-abae-4b1b-a6f2-07757fea1607,142,17,Perempuan,P,Formal → Gen-Z,F→G,3,3,3,3,3,3,3,3,3,3,3,3,3,3,3,3,3,3,3,3,3,3,3,3,3,3,3,3,3,3,3,3,50.0,50.0,0.0
85198aac-16d3-400e-a0f6-ef2d26637233,581,17,Laki-laki,L,Gen-Z → Formal,G→F,3,3,3,3,3,3,3,3,3,3,3,3,3,3,3,3,3,3,3,3,3,3,3,3,3,3,3,3,3,3,3,3,50.0,50.0,0.0
8567782b-237c-4154-bde8-ca7e6dc108d9,398,17,Perempuan,P,Formal → Gen-Z,F→G,3,3,3,3,3,3,3,3,3,3,3,3,3,3,3,3,3,3,3,3,3,3,3,3,3,3,3,3,3,3,3,3,50.0,50.0,0.0
872404bc-b157-4af7-9610-cd759b6c1e9e,314,18,Perempuan,P,Formal → Gen-Z,F→G,3,4,2,4,4,4,4,4,5,4,4,4,4,4,5,4,4,4,3,4,4,4,4,4,3,4,4,4,4,4,4,4,70.3125,75.0,4.6875
87863eef-5011-4191-b81b-42e7213922ce,237,16,Perempuan,P,Formal → Gen-Z,F→G,3,5,5,5,5,5,5,5,5,5,5,5,4,5,4,5,4,4,4,4,5,5,5,5,4,4,4,5,5,5,5,5,87.5,95.3125,7.8125
87dbaa63-b80a-491e-a9cd-2d754c96ee70,210,17,Laki-laki,L,Formal → Gen-Z,F→G,5,5,1,1,5,5,1,1,5,5,1,1,5,5,1,1,5,5,1,1,5,5,1,1,5,5,1,1,5,5,1,1,50.0,50.0,0.0
89c81524-09b0-4b85-8352-14f418f43284,565,17,Perempuan,P,Formal → Gen-Z,F→G,4,3,3,3,5,5,4,3,4,4,2,4,4,4,4,4,4,4,4,4,5,4,4,4,3,4,4,4,4,4,4,5,71.875,73.4375,1.5625
8a136670-42c9-4c72-9f17-078c54bd4b8d,154,17,Perempuan,P,Gen-Z → Formal,G→F,3,4,2,2,5,4,3,3,4,3,4,2,2,3,3,2,4,4,2,3,4,5,3,3,3,4,3,2,5,5,2,2,56.25,54.6875,-1.5625
8a4878d7-460d-4734-ac51-bc0f75be3240,509,17,Perempuan,P,Gen-Z → Formal,G→F,2,3,2,4,4,4,3,3,4,4,4,4,2,2,5,3,3,3,4,2,4,5,4,2,3,3,4,2,5,4,3,4,62.5,56.25,-6.25
8b2c6220-2f3f-452c-be88-f2735c43c5e6,179,17,Perempuan,P,Formal → Gen-Z,F→G,5,5,4,4,5,5,5,5,5,5,5,5,5,5,4,5,5,5,5,5,5,5,5,5,4,5,5,5,5,5,1,1,89.0625,92.1875,3.125
8b4d7b82-e3e1-4690-a694-bc24713b0f41,287,17,Perempuan,P,Formal → Gen-Z,F→G,4,5,4,5,4,3,5,5,5,5,4,5,4,4,5,5,5,5,5,5,5,5,5,5,5,5,5,5,5,5,1,1,85.9375,89.0625,3.125
8c3118cc-604d-40d6-9d4d-fe6059cc310f,496,17,Laki-laki,L,Formal → Gen-Z,F→G,4,5,2,3,4,5,4,4,4,4,4,3,4,4,3,3,3,4,3,3,4,4,4,4,4,4,4,4,4,3,2,2,64.0625,67.1875,3.125
8cd47c5a-5cfc-43ae-a96a-92581c529e28,198,18,Laki-laki,L,Gen-Z → Formal,G→F,4,4,4,4,4,3,5,5,3,4,3,3,3,3,3,3,4,4,2,3,3,4,4,4,3,3,3,4,4,4,3,3,60.9375,65.625,4.6875
8daba505-08ec-4615-9d8a-61f46b0c2056,201,18,Perempuan,P,Formal → Gen-Z,F→G,5,5,5,5,4,4,5,5,4,5,1,2,5,4,3,3,4,4,3,3,5,5,5,4,4,4,4,4,5,4,5,4,79.6875,76.5625,-3.125
8ead3fd4-5e9f-48c8-ba4c-a5f422a3343a,400,17,Perempuan,P,Gen-Z → Formal,G→F,4,5,4,5,4,5,4,5,5,5,4,5,5,5,4,5,4,5,4,5,5,5,4,5,4,5,4,5,5,5,1,3,76.5625,96.875,20.3125
906ed187-2374-4ad3-b411-f19d675cfc8c,37,17,Perempuan,P,Gen-Z → Formal,G→F,5,5,5,5,5,5,5,5,5,5,5,5,5,5,5,5,5,5,5,5,5,5,5,5,5,5,5,5,5,5,5,5,100.0,100.0,0.0
910296cf-eeda-43ab-8333-54577b613936,378,17,Laki-laki,L,Gen-Z → Formal,G→F,5,5,3,4,4,4,5,5,4,4,4,4,5,4,4,5,5,5,4,5,5,5,5,5,5,5,5,5,5,5,4,5,87.5,92.1875,4.6875
91ae3c49-9ab1-4f57-ac27-b9be2f268051,253,18,Perempuan,P,Formal → Gen-Z,F→G,5,5,4,3,3,3,5,5,5,5,5,5,2,5,5,4,3,5,5,4,5,5,5,5,5,5,5,5,5,5,5,1,87.5,84.375,-3.125
939db6b1-4ae3-48dd-a6fc-21ff8fff5697,579,18,Perempuan,P,Formal → Gen-Z,F→G,5,5,5,5,5,5,5,5,5,5,5,5,5,5,5,5,5,5,5,5,5,5,5,5,5,5,5,5,5,5,4,4,98.4375,98.4375,0.0
95dd593b-804c-4f05-993c-2c5b6621d5c1,547,17,Perempuan,P,Gen-Z → Formal,G→F,4,1,2,3,5,1,1,1,1,2,2,3,1,1,2,2,1,2,1,1,1,1,2,5,1,1,1,1,3,5,3,2,23.4375,25.0,1.5625
96369d51-2d9a-4fb2-b2e5-299ec1baa5d7,457,18,Perempuan,P,Formal → Gen-Z,F→G,4,3,5,5,4,3,5,5,4,3,5,5,4,3,5,5,4,3,5,5,4,3,5,5,4,3,5,5,4,3,5,5,87.5,75.0,-12.5
9812b04d-42a7-45c4-9f37-14915c500734,206,17,Laki-laki,L,Formal → Gen-Z,F→G,5,5,1,1,5,5,1,1,5,5,1,1,5,5,1,1,5,5,1,1,5,5,1,1,5,5,1,1,5,5,1,1,50.0,50.0,0.0
992d48bd-41de-4914-b587-f042642f1e52,383,18,Laki-laki,L,Formal → Gen-Z,F→G,5,5,5,3,5,5,5,5,4,3,2,2,5,4,3,3,4,3,3,3,5,5,3,5,4,4,2,3,4,4,2,3,70.3125,68.75,-1.5625
99651728-9da6-4c22-9572-2e7ffb456a8e,535,17,Perempuan,P,Formal → Gen-Z,F→G,5,5,5,5,5,5,5,5,5,5,5,5,5,5,5,5,5,5,5,5,5,5,5,5,5,5,5,5,5,5,1,1,93.75,93.75,0.0
99d81e50-8a3e-4088-9daa-5a11efb8d9bb,422,18,Perempuan,P,Gen-Z → Formal,G→F,4,5,4,5,4,5,5,5,4,5,5,5,5,5,4,5,4,5,5,5,5,5,5,5,3,5,4,5,5,5,2,1,81.25,93.75,12.5
99f6b8e9-49a8-40f3-991f-403ce49604ff,225,17,Laki-laki,L,Formal → Gen-Z,F→G,4,4,5,5,4,4,5,5,4,4,5,5,4,4,5,5,4,4,5,5,4,4,5,5,4,4,5,5,4,4,5,5,87.5,87.5,0.0
9a480426-4cfc-48d0-b05f-27bb4266d43e,334,17,Perempuan,P,Formal → Gen-Z,F→G,3,4,4,4,4,4,4,4,4,4,2,4,4,4,4,4,4,4,5,4,4,4,4,4,4,4,5,4,4,4,2,2,70.3125,71.875,1.5625
9a6265e0-e6b8-4002-af71-9d9756a6e2fe,206,17,Laki-laki,L,Formal → Gen-Z,F→G,5,5,1,1,5,5,1,1,5,5,1,1,5,5,1,1,5,5,1,1,5,5,1,1,5,5,1,1,5,5,1,1,50.0,50.0,0.0
9b36899e-580d-4b08-8b76-ca7862a742ce,408,17,Perempuan,P,Formal → Gen-Z,F→G,4,5,2,5,5,5,5,5,5,5,1,5,5,5,4,5,5,5,5,5,5,5,5,5,5,5,5,5,5,5,1,1,79.6875,93.75,14.0625
9c16a6d1-f55e-421e-b433-fc83425ea757,107,17,Perempuan,P,Formal → Gen-Z,F→G,5,5,4,5,4,3,3,4,4,4,4,5,5,5,4,5,5,5,4,5,5,5,4,5,5,5,5,5,5,5,3,3,82.8125,90.625,7.8125
9d007c54-11fa-4ab0-90ae-422f542cc40f,287,17,Perempuan,P,Formal → Gen-Z,F→G,5,4,2,4,4,3,5,5,5,5,5,5,4,4,4,5,5,4,5,5,5,5,5,5,4,5,5,5,5,5,2,1,84.375,84.375,0.0
9eadfdae-5035-41bf-9046-27244535710a,126,17,Perempuan,P,Gen-Z → Formal,G→F,4,4,5,5,4,4,5,5,4,4,5,5,3,4,5,5,4,4,5,5,4,4,5,5,4,4,5,5,4,4,2,2,81.25,82.8125,1.5625
9f1eec06-357b-4838-8828-a9eb1650b09c,236,18,Perempuan,P,Formal → Gen-Z,F→G,4,4,3,3,4,4,3,3,4,4,3,3,4,4,3,3,4,4,3,3,4,4,3,3,4,4,3,3,4,4,3,3,62.5,62.5,0.0
9f466bf3-09ee-4fdb-a826-9f4f639c5950,456,17,Perempuan,P,Gen-Z → Formal,G→F,2,2,4,4,2,2,4,4,2,2,4,4,2,2,4,4,2,2,4,4,2,2,4,4,2,2,4,4,2,2,4,4,50.0,50.0,0.0
9f74c1c7-9bf2-4b5d-9022-f679f95f31af,450,18,Perempuan,P,Formal → Gen-Z,F→G,5,5,3,3,5,5,5,5,4,5,5,5,4,4,5,4,4,4,5,5,4,5,5,5,3,4,5,5,3,3,5,5,84.375,87.5,3.125
9f887c78-ec3a-4693-a394-9e8e652f73d1,418,17,Perempuan,P,Gen-Z → Formal,G→F,4,5,4,5,5,5,5,5,5,5,1,5,5,5,5,5,5,5,5,5,5,5,5,5,1,5,5,5,5,5,1,1,78.125,93.75,15.625
a08793c6-356b-4957-9be7-c949635cd670,387,17,Perempuan,P,Formal → Gen-Z,F→G,3,3,3,4,5,4,5,5,5,4,5,5,5,4,4,4,4,4,4,4,5,4,4,4,4,4,2,4,4,4,3,3,76.5625,75.0,-1.5625
a1e13f5b-5e9a-44ed-88f9-140ea943d76f,214,17,Laki-laki,L,Formal → Gen-Z,F→G,3,3,1,2,5,5,5,5,5,5,5,5,5,4,5,5,4,4,5,5,5,5,5,5,4,4,5,5,5,4,4,4,85.9375,84.375,-1.5625
a306ea8b-90c2-470a-a2aa-b85ba8514074,140,17,Perempuan,P,Formal → Gen-Z,F→G,5,5,5,5,5,5,5,5,5,5,5,5,5,5,5,5,5,5,5,5,5,5,5,5,5,5,5,5,5,5,3,4,96.875,98.4375,1.5625
a331f197-6b76-4295-a54d-a6bd403143db,370,17,Laki-laki,L,Gen-Z → Formal,G→F,4,4,3,3,4,4,4,4,5,5,4,4,4,4,4,4,4,4,3,4,4,4,4,4,4,4,4,4,4,4,2,2,70.3125,71.875,1.5625
a41b62fd-2c29-43bc-ad11-d424aab6b01a,109,17,Perempuan,P,Gen-Z → Formal,G→F,5,5,5,5,2,1,5,5,5,5,5,5,5,5,5,4,5,5,4,5,5,5,4,5,5,5,5,5,5,5,3,3,89.0625,89.0625,0.0
a458bbef-acc0-4dd0-952c-ef4476e7c111,237,16,Perempuan,P,Formal → Gen-Z,F→G,4,4,4,5,4,4,4,4,4,4,4,4,4,4,4,4,4,4,4,4,5,4,5,4,3,4,4,4,4,5,4,4,76.5625,78.125,1.5625
a510773c-f102-4149-ba8f-7a12c9d8624e,82,18,Perempuan,P,Gen-Z → Formal,G→F,4,3,3,2,5,5,5,5,5,4,5,5,4,3,5,5,4,5,5,4,3,4,5,5,4,4,5,5,4,3,1,2,79.6875,75.0,-4.6875
a5762d30-484b-4a37-ac90-904daaa01a34,55,17,Perempuan,P,Formal → Gen-Z,F→G,4,5,3,3,4,3,4,3,5,5,5,3,4,5,3,3,5,5,3,3,5,5,5,5,5,5,5,3,5,5,1,1,78.125,71.875,-6.25
a58db8de-1159-4a71-9be1-a93454d5af1c,171,18,Laki-laki,L,Formal → Gen-Z,F→G,4,5,4,4,4,4,5,5,5,5,5,5,5,4,5,5,5,4,4,5,5,5,5,5,4,5,5,5,5,5,4,3,90.625,90.625,0.0
a5afd098-3fb2-4e34-9092-df275cf3cd9b,204,18,Laki-laki,L,Gen-Z → Formal,G→F,5,5,5,5,5,5,5,5,5,5,5,5,5,5,5,5,5,5,5,5,5,5,5,5,5,5,5,5,5,5,5,5,100.0,100.0,0.0
a6537c42-5cff-4eb3-b49f-0429c72075ce,553,17,Laki-laki,L,Formal → Gen-Z,F→G,3,3,3,3,3,3,3,3,3,3,3,3,3,3,3,3,3,3,3,3,3,3,3,3,3,3,3,3,3,3,3,3,50.0,50.0,0.0
a7157e38-2184-4f1e-9afc-814089531b4d,294,17,Perempuan,P,Formal → Gen-Z,F→G,5,5,5,5,5,5,5,5,5,5,5,5,5,5,5,5,5,5,5,5,5,5,5,5,5,5,5,5,5,5,5,5,100.0,100.0,0.0
a7d02471-660f-41f0-88a7-1b476c7a73eb,254,18,Laki-laki,L,Formal → Gen-Z,F→G,4,3,3,4,5,5,4,5,5,5,3,4,4,5,3,3,4,4,4,2,4,4,4,5,5,5,4,4,4,5,5,5,76.5625,81.25,4.6875
a985f884-c514-43d8-a036-f3a408e3bff0,258,17,Perempuan,P,Gen-Z → Formal,G→F,3,4,3,4,5,4,5,5,5,4,5,5,4,4,4,4,4,3,5,4,4,4,5,5,4,5,5,4,3,4,3,4,79.6875,79.6875,0.0
a9b376bb-1b38-4966-b866-033177b38ef0,256,18,Perempuan,P,Formal → Gen-Z,F→G,4,3,3,3,5,4,4,4,4,4,4,4,3,3,4,4,4,4,3,4,4,4,4,4,4,3,4,4,4,5,3,3,70.3125,68.75,-1.5625
aa021196-b4c1-4c2b-acce-9d6dcd21f6ee,553,17,Laki-laki,L,Formal → Gen-Z,F→G,3,4,3,4,4,3,5,4,4,4,4,4,3,4,3,4,3,4,2,4,4,4,4,4,4,4,5,4,4,4,4,3,67.1875,71.875,4.6875
aa0e3831-109e-4b96-bc8f-927183aab3f9,580,18,Perempuan,P,Formal → Gen-Z,F→G,4,5,4,5,4,5,5,5,5,5,5,5,4,5,5,5,5,5,4,5,4,5,4,5,3,3,3,3,5,5,5,5,82.8125,93.75,10.9375
aa5c8b24-6f22-428a-9339-24ada42ac9ac,79,17,Perempuan,P,Formal → Gen-Z,F→G,4,5,4,4,4,4,4,4,4,5,5,5,4,4,4,4,4,4,5,4,5,5,4,5,5,4,4,4,5,5,3,3,81.25,82.8125,1.5625
aa67ce28-8302-483a-907f-a328681ed778,6,18,Perempuan,P,Formal → Gen-Z,F→G,5,5,5,5,5,5,5,5,5,5,5,5,5,5,5,5,5,5,5,5,5,5,5,5,5,5,5,5,5,5,1,1,93.75,93.75,0.0
ab25aebc-cc2d-4020-b20d-d736ad064bed,382,17,Perempuan,P,Gen-Z → Formal,G→F,5,5,3,3,5,5,5,5,5,5,5,5,5,5,3,4,5,5,5,4,5,5,4,5,4,5,5,5,5,5,1,1,84.375,87.5,3.125
abdc3450-6c10-44f5-961c-4bc39f364ad5,269,18,Perempuan,P,Formal → Gen-Z,F→G,3,3,4,4,3,3,4,4,3,3,4,4,3,3,4,4,3,3,4,4,3,3,5,4,3,3,4,4,3,3,3,3,62.5,60.9375,-1.5625
ac0a419b-d484-465c-8508-241580e6dff2,2,18,Laki-laki,L,Formal → Gen-Z,F→G,3,3,3,3,3,3,3,3,3,3,3,3,3,3,3,3,3,3,3,3,3,3,3,3,3,3,3,3,3,3,3,3,50.0,50.0,0.0
acc2afab-f485-47ad-848e-6024bce82dd1,553,17,Laki-laki,L,Formal → Gen-Z,F→G,3,3,3,3,3,3,3,3,3,3,3,3,3,3,3,3,3,3,3,3,3,3,3,3,3,3,3,3,3,3,3,3,50.0,50.0,0.0
acc3a35e-30db-42dd-a993-bf288116678e,70,18,Perempuan,P,Formal → Gen-Z,F→G,1,4,1,1,5,5,3,3,5,4,2,1,3,5,1,1,4,4,1,3,4,5,3,2,3,5,1,2,3,4,1,4,39.0625,57.8125,18.75
ad0fc674-a907-4b1c-805c-07c78c0d7280,551,18,Laki-laki,L,Formal → Gen-Z,F→G,5,5,5,5,5,5,5,5,5,5,5,5,5,5,5,5,5,5,5,5,5,5,5,5,5,5,5,5,5,5,1,1,93.75,93.75,0.0
ad5f4d43-7aa6-4111-839d-e130415764ce,404,17,Perempuan,P,Formal → Gen-Z,F→G,5,5,5,5,5,5,5,5,1,3,5,1,5,3,5,1,5,3,5,5,5,1,5,5,5,5,5,5,5,5,5,5,93.75,71.875,-21.875
ad62d9b9-c1e4-444e-8d1d-0c99b99b4803,144,18,Perempuan,P,Formal → Gen-Z,F→G,4,5,5,5,5,5,5,5,5,5,5,5,5,5,5,5,5,5,5,5,5,5,5,5,4,5,5,5,5,5,1,1,90.625,93.75,3.125
af11a5a3-8d84-4aca-8fa6-39aba010e7d7,106,17,Laki-laki,L,Formal → Gen-Z,F→G,5,5,2,5,5,5,3,5,5,5,3,5,5,5,5,5,5,5,5,5,5,5,5,5,5,5,5,5,5,5,5,5,89.0625,100.0,10.9375
afe8b56a-fc6f-4f48-9ec4-953c645a51ee,497,17,Perempuan,P,Gen-Z → Formal,G→F,4,4,3,4,4,4,5,5,3,3,5,4,4,4,5,5,3,4,5,4,4,4,5,5,3,3,4,4,5,5,5,4,79.6875,78.125,-1.5625
b075f3a4-429b-4adb-ab84-980b20a51396,107,17,Perempuan,P,Formal → Gen-Z,F→G,4,4,5,4,5,4,5,5,4,5,4,4,4,4,3,2,4,3,4,4,4,4,4,4,5,4,5,5,4,5,3,3,79.6875,75.0,-4.6875
b152a75a-0c84-4b27-a10c-2bcb92c26cb2,159,18,Laki-laki,L,Formal → Gen-Z,F→G,3,5,2,3,3,5,4,5,4,5,3,5,5,5,5,5,5,4,5,5,5,5,5,5,5,5,5,5,5,5,2,5,78.125,95.3125,17.1875
b1550ce7-066f-448b-9113-5ca7f5533a3d,510,17,Perempuan,P,Gen-Z → Formal,G→F,3,3,3,3,3,3,3,3,3,3,3,3,3,3,3,3,3,3,3,3,3,3,3,3,3,3,3,3,3,3,3,3,50.0,50.0,0.0
b1cc8675-454e-4479-8196-088ec3256422,203,17,Perempuan,P,Gen-Z → Formal,G→F,5,4,5,5,5,3,5,5,5,4,5,5,5,4,5,5,5,4,5,5,5,5,5,5,5,5,5,5,5,4,5,5,100.0,89.0625,-10.9375
b22897e5-7193-4ab0-b7bf-c651f88581eb,377,17,Perempuan,P,Gen-Z → Formal,G→F,4,4,4,4,4,4,5,4,5,4,5,4,2,4,4,4,4,4,4,4,4,4,4,4,4,4,4,4,4,4,4,4,76.5625,75.0,-1.5625
b2881719-d940-4c33-a381-ba5090ae55c8,124,17,Laki-laki,L,Formal → Gen-Z,F→G,3,3,3,3,3,3,3,3,3,3,3,3,3,3,3,3,3,3,3,3,3,3,3,3,3,3,3,3,3,3,3,3,50.0,50.0,0.0
b4974930-60e4-4dc8-a5cf-d04cf9933bcd,560,17,Perempuan,P,Formal → Gen-Z,F→G,3,3,3,2,4,5,5,5,4,4,5,4,4,2,5,4,3,4,5,4,3,4,4,5,1,3,5,2,4,4,1,1,67.1875,62.5,-4.6875
b7471e40-1ac9-4298-af75-3741118b53a6,84,16,Perempuan,P,Formal → Gen-Z,F→G,5,5,4,5,1,1,5,5,5,5,5,5,5,5,5,5,5,5,5,5,5,5,4,5,5,2,4,4,5,5,1,1,82.8125,81.25,-1.5625
b97368a5-710f-463e-96ec-54426f8e5dc8,359,17,Laki-laki,L,Gen-Z → Formal,G→F,3,3,3,3,3,3,3,3,3,3,3,3,3,3,3,3,3,3,3,3,3,3,3,3,3,3,3,3,3,3,3,3,50.0,50.0,0.0
ba2ed9ca-6cb7-4241-b265-91c69edab940,188,18,Perempuan,P,Gen-Z → Formal,G→F,3,3,3,3,3,3,3,3,3,3,3,3,3,3,3,3,3,3,3,3,3,3,3,3,3,3,3,3,3,3,3,3,50.0,50.0,0.0
bb9320f4-1dcc-481d-9b07-1c60794ea1f1,166,17,Laki-laki,L,Gen-Z → Formal,G→F,4,4,4,3,3,5,5,4,5,5,5,5,5,5,3,4,5,5,3,4,5,5,4,4,5,5,3,4,5,5,3,1,79.6875,81.25,1.5625
bbc6c2bb-cbfa-462a-8fdb-0aff0fb06fc5,292,17,Perempuan,P,Formal → Gen-Z,F→G,5,4,2,1,5,4,5,5,5,4,4,1,1,4,5,5,2,4,3,5,5,4,5,5,4,4,3,2,5,5,2,2,70.3125,67.1875,-3.125
bc907db6-9ee4-4d14-9d0c-ee5356e9b09f,555,17,Laki-laki,L,Formal → Gen-Z,F→G,4,4,3,4,5,4,5,5,4,4,4,5,4,4,5,5,4,4,4,5,4,4,4,5,4,4,5,5,4,4,2,2,76.5625,81.25,4.6875
bd050b32-89be-4bb2-87b1-b232cac9564a,465,18,Perempuan,P,Formal → Gen-Z,F→G,4,5,5,5,5,5,5,4,5,4,5,5,4,5,4,5,5,4,5,5,5,4,5,5,4,5,4,5,5,4,1,1,85.9375,85.9375,0.0
bde7248d-b947-442a-b38e-b16ae715791e,58,17,Perempuan,P,Formal → Gen-Z,F→G,5,5,3,5,5,5,5,5,5,5,5,1,2,3,5,5,4,5,5,5,5,5,5,5,5,5,5,5,5,5,3,1,87.5,84.375,-3.125
be20d01b-56b1-40a9-a978-9b13a2636a8e,41,18,Perempuan,P,Formal → Gen-Z,F→G,4,5,3,2,4,4,3,4,5,4,1,4,4,4,4,5,4,5,3,2,4,4,4,2,4,4,1,4,4,4,2,2,59.375,67.1875,7.8125
bffe5cf1-7228-4179-ab9e-587d01daba9a,56,17,Perempuan,P,Formal → Gen-Z,F→G,4,4,3,4,4,4,4,4,4,4,4,4,3,3,3,3,4,4,3,4,4,4,4,3,3,3,3,4,4,4,2,2,62.5,65.625,3.125
c1292202-0948-4245-bab4-9d44e2fa12cd,286,18,Perempuan,P,Formal → Gen-Z,F→G,5,5,1,5,3,4,3,5,4,5,5,5,4,5,5,1,5,5,5,5,5,5,5,5,3,4,5,5,5,5,1,1,75.0,84.375,9.375
c1c22442-c9ae-4465-9ccf-fbbd7ddc6c11,59,16,Perempuan,P,Gen-Z → Formal,G→F,4,5,4,5,4,4,4,4,5,5,4,4,3,3,3,3,4,4,3,4,5,5,5,4,2,4,4,4,4,4,3,4,70.3125,78.125,7.8125
c26a8772-0890-4332-8fe7-4efc867e058b,306,17,Laki-laki,L,Gen-Z → Formal,G→F,3,3,3,3,3,3,3,3,3,3,3,3,3,3,3,3,3,3,3,3,3,3,3,3,3,3,3,3,3,3,3,3,50.0,50.0,0.0
c411e93a-9240-4329-859d-83351ea5afda,11,18,Perempuan,P,Formal → Gen-Z,F→G,5,5,5,5,5,5,5,5,5,5,5,5,5,5,5,5,5,5,5,5,5,5,5,5,5,5,5,5,5,5,1,1,93.75,93.75,0.0
c47b7806-e46d-4234-9f76-ca3931786c17,77,17,Perempuan,P,Formal → Gen-Z,F→G,4,4,3,3,3,5,5,4,4,3,4,3,3,3,2,2,4,4,5,3,4,4,3,4,3,3,3,3,5,5,1,2,62.5,60.9375,-1.5625
c4ca0a6e-a897-459d-8fde-66433f5e1b01,436,17,Perempuan,P,Formal → Gen-Z,F→G,5,5,5,5,5,5,5,5,5,5,5,5,5,5,5,5,5,5,5,5,5,5,5,5,5,5,5,5,5,5,5,5,100.0,100.0,0.0
c4d03b29-4106-421a-b076-fd8141827caa,203,17,Perempuan,P,Gen-Z → Formal,G→F,5,3,4,5,5,5,5,5,5,4,5,3,5,3,5,5,5,3,5,1,5,3,5,5,4,4,5,5,5,2,5,3,96.875,67.1875,-29.6875
c522c351-ee84-41db-ab7b-41fd34112a82,164,17,Perempuan,P,Formal → Gen-Z,F→G,5,5,5,5,5,5,5,5,5,5,5,5,5,5,4,4,5,5,1,5,5,5,5,5,5,5,5,5,5,5,1,1,85.9375,92.1875,6.25
c5bccf10-b8b9-4bb7-b021-fc3d5018a1ab,68,17,Perempuan,P,Formal → Gen-Z,F→G,3,3,3,3,3,3,3,3,3,3,3,3,3,3,3,3,3,3,3,3,3,3,3,3,3,3,3,3,3,3,3,3,50.0,50.0,0.0
c60562df-1206-47cc-ada8-2df9707617bd,170,17,Laki-laki,L,Formal → Gen-Z,F→G,5,5,5,5,5,5,5,5,5,5,5,5,5,5,5,5,5,5,5,5,5,5,5,5,5,5,5,5,5,5,5,5,100.0,100.0,0.0
c6357795-6c43-4726-b7ee-cb667590d13e,333,18,Laki-laki,L,Formal → Gen-Z,F→G,3,3,3,3,3,3,3,3,3,3,3,3,3,3,3,3,3,3,3,3,3,3,3,3,3,3,3,3,3,3,3,3,50.0,50.0,0.0
c6473223-cbad-4fac-b4f6-5a231039b705,332,18,Perempuan,P,Gen-Z → Formal,G→F,5,5,5,5,5,5,5,5,5,5,5,5,5,5,5,5,5,5,5,5,5,5,5,5,5,5,5,5,5,5,1,1,93.75,93.75,0.0
c6757d5e-e864-4ac7-a580-c7b4ba320972,15,17,Laki-laki,L,Formal → Gen-Z,F→G,3,4,4,2,3,5,2,2,3,4,2,1,4,5,4,2,3,3,3,2,4,5,2,1,3,3,3,2,4,4,3,1,53.125,46.875,-6.25
c69f9340-8f3d-4bbd-94e8-5f64bbf4fdef,521,17,Laki-laki,L,Gen-Z → Formal,G→F,5,5,2,5,5,5,5,5,5,5,5,5,5,5,5,1,5,5,4,5,5,5,5,5,1,5,1,1,5,5,1,1,75.0,81.25,6.25
c6a11a2e-2781-4cae-a4bf-499988ef5b03,129,18,Laki-laki,L,Formal → Gen-Z,F→G,4,3,3,3,4,4,3,3,4,4,3,3,4,4,4,3,4,4,3,4,4,3,3,3,3,2,3,3,4,4,2,2,60.9375,56.25,-4.6875
c6a5d1c0-bcda-43aa-b7fc-d49a0b7986ea,248,17,Perempuan,P,Formal → Gen-Z,F→G,4,1,3,1,4,5,5,1,4,5,4,1,3,5,2,2,1,4,3,3,4,4,3,2,2,4,2,2,4,4,1,1,51.5625,45.3125,-6.25
c7cecb11-2184-4683-ab8b-f2e308bffb29,479,17,Perempuan,P,Formal → Gen-Z,F→G,5,5,5,5,5,5,5,5,5,5,5,5,5,5,5,5,5,5,5,5,5,5,5,5,5,5,5,5,5,5,5,5,100.0,100.0,0.0
c98f8219-2fb7-4408-b797-50417758db8e,52,17,Perempuan,P,Formal → Gen-Z,F→G,4,4,5,5,5,5,5,5,4,4,5,5,4,4,5,5,4,5,5,5,5,4,5,5,4,4,5,5,5,5,2,5,87.5,92.1875,4.6875
ca00bc5c-b9c8-4e07-9216-e27b278f9fb3,113,17,Perempuan,P,Formal → Gen-Z,F→G,1,1,1,1,1,2,5,2,1,4,5,1,1,1,1,1,1,1,1,1,1,1,1,1,1,5,2,5,1,1,5,1,20.3125,20.3125,0.0
cadc453e-03d7-40a0-bc13-8af0ff48e11e,462,17,Perempuan,P,Formal → Gen-Z,F→G,3,4,3,2,4,3,4,3,3,3,3,3,3,3,3,2,5,4,2,3,4,3,3,3,3,2,3,3,3,4,3,2,56.25,48.4375,-7.8125
cb6a82ab-13a4-4c09-9556-9359fbb6558d,202,17,Perempuan,P,Formal → Gen-Z,F→G,5,5,3,5,5,5,5,5,5,5,4,1,4,5,4,4,5,5,5,5,5,5,5,5,5,5,5,5,5,5,5,4,92.1875,90.625,-1.5625
cc303e6c-b341-4449-8499-60310261005b,401,17,Perempuan,P,Formal → Gen-Z,F→G,5,5,5,5,5,5,5,5,5,5,5,5,5,5,5,5,5,5,5,5,5,5,5,5,5,5,5,5,5,5,4,5,98.4375,100.0,1.5625
cd4e7e13-de12-409f-993a-8099e15c2106,133,18,Laki-laki,L,Formal → Gen-Z,F→G,3,3,3,3,3,3,3,3,3,3,3,3,3,3,3,3,3,3,3,3,3,3,3,3,3,3,3,3,3,3,3,3,50.0,50.0,0.0
cd78f677-d174-4a65-906e-57a2fc5a7ded,266,17,Laki-laki,L,Formal → Gen-Z,F→G,3,4,2,4,5,4,4,4,4,5,4,4,4,3,1,4,5,5,4,4,5,5,4,4,3,4,4,4,5,5,1,2,65.625,76.5625,10.9375
cda2794c-3c1d-474f-96d6-dd9bdad7d8bd,45,18,Laki-laki,L,Formal → Gen-Z,F→G,3,3,3,3,3,3,3,3,3,3,3,3,3,3,3,3,3,3,3,3,3,3,3,3,3,3,3,3,3,3,3,3,50.0,50.0,0.0
cdf38063-b386-4261-ab06-72c62257f587,492,17,Laki-laki,L,Gen-Z → Formal,G→F,3,3,3,3,3,3,3,3,3,3,3,3,3,3,3,3,3,3,3,3,3,3,3,3,3,3,3,3,3,3,3,3,50.0,50.0,0.0
ce0aadc0-9685-4245-913c-ef135498c041,165,17,Laki-laki,L,Gen-Z → Formal,G→F,3,3,3,4,4,3,4,4,4,3,3,3,3,3,3,4,3,3,5,4,3,3,4,4,3,3,4,4,4,4,3,2,62.5,59.375,-3.125
cf06bc52-d5ff-4734-a7d6-bcd9cad7f04e,235,18,Perempuan,P,Formal → Gen-Z,F→G,4,4,5,5,5,5,5,5,5,5,5,5,5,4,5,5,4,4,4,5,5,4,5,5,4,4,5,5,5,4,2,2,89.0625,85.9375,-3.125
d052bce1-a6c0-42e1-bc28-391541e92b7e,162,17,Perempuan,P,Formal → Gen-Z,F→G,4,5,4,4,5,5,5,5,4,5,5,5,4,4,5,5,5,5,5,5,5,5,5,5,4,5,5,5,5,5,5,5,92.1875,96.875,4.6875
d16f95be-18d5-4e09-9a21-dc14911be2d8,367,17,Laki-laki,L,Formal → Gen-Z,F→G,4,5,4,5,4,5,5,5,5,5,5,5,5,5,3,1,5,5,4,5,5,5,4,4,5,5,5,5,5,5,1,2,82.8125,87.5,4.6875
d3214c8e-db53-4833-ad74-0448afbfdb59,217,18,Perempuan,P,Gen-Z → Formal,G→F,3,3,4,4,4,4,4,4,4,4,4,4,3,3,4,4,3,3,3,4,4,4,4,4,3,3,4,4,4,4,4,5,67.1875,70.3125,3.125
d3b4a760-d656-4e99-8f7b-264b3963efc6,88,17,Laki-laki,L,Gen-Z → Formal,G→F,5,5,1,1,5,5,1,1,5,5,1,1,5,5,1,1,5,5,1,1,5,5,1,1,5,5,1,1,5,5,1,1,50.0,50.0,0.0
d547d16e-b2cd-4f27-8379-c8a9eea1691d,455,18,Laki-laki,L,Formal → Gen-Z,F→G,5,5,1,1,5,5,1,1,5,5,1,1,5,5,1,1,5,5,1,1,5,5,1,1,5,5,1,1,5,5,1,1,50.0,50.0,0.0
d565c243-c62c-4b30-b640-f54ac3b94167,234,17,Perempuan,P,Formal → Gen-Z,F→G,3,4,3,3,4,5,3,4,4,4,5,4,4,5,4,5,4,4,3,4,4,5,4,4,4,4,3,4,5,5,3,2,68.75,78.125,9.375
d58e3877-c221-41f8-a906-b687493442cc,66,17,Perempuan,P,Formal → Gen-Z,F→G,4,4,3,3,4,3,4,4,4,4,4,4,4,4,5,3,3,4,4,3,5,4,4,4,3,3,4,3,5,5,2,2,71.875,64.0625,-7.8125
d5f8ba6b-5a5e-40de-afcf-e86b2566474d,369,17,Laki-laki,L,Formal → Gen-Z,F→G,3,4,3,3,4,4,4,4,2,4,2,3,4,4,3,4,3,4,3,4,3,4,2,4,3,4,2,4,4,4,2,4,48.4375,71.875,23.4375
d6235fd6-f618-4e7f-bbd5-ee9003f01904,172,17,Perempuan,P,Gen-Z → Formal,G→F,4,5,2,5,5,5,4,5,5,5,5,5,5,5,5,5,5,5,5,5,4,5,5,5,5,5,5,5,5,5,1,5,84.375,100.0,15.625
d65903d2-c43f-4010-8d91-6c657c9b126e,98,18,Perempuan,P,Formal → Gen-Z,F→G,4,3,3,2,4,5,4,4,4,5,3,3,2,3,3,3,4,3,4,3,5,4,3,4,4,4,4,2,4,4,2,3,64.0625,60.9375,-3.125
d6611fb2-c008-4858-be9e-c268af24dd78,531,17,Perempuan,P,Formal → Gen-Z,F→G,4,4,4,4,4,4,4,2,4,3,4,2,2,3,3,3,4,3,4,3,4,3,3,3,4,3,4,3,3,3,3,1,65.625,48.4375,-17.1875
d68701de-d7be-4dad-99fa-72e1e3a9996e,376,17,Laki-laki,L,Gen-Z → Formal,G→F,5,5,1,1,5,5,1,1,5,5,1,1,5,5,1,1,5,5,1,1,5,5,1,1,5,5,1,1,5,5,1,1,50.0,50.0,0.0
d83d81e4-439a-48d8-8e6b-4fb47b8249cd,454,18,Perempuan,P,Formal → Gen-Z,F→G,4,4,3,4,4,5,5,5,4,4,5,5,3,4,3,4,4,4,3,2,4,4,5,4,3,3,5,4,5,5,1,2,70.3125,73.4375,3.125
d8ba360c-910a-48d2-a306-de4e6c356a47,321,17,Perempuan,P,Gen-Z → Formal,G→F,4,1,2,1,5,1,4,4,5,1,4,5,5,3,1,1,5,2,3,1,5,2,2,1,4,3,3,1,5,5,2,4,67.1875,31.25,-35.9375
dae2c34c-ded4-4c15-9eda-89878f24a345,431,18,Laki-laki,L,Formal → Gen-Z,F→G,5,5,4,5,4,5,5,5,5,4,5,5,5,5,5,5,5,5,5,5,5,5,5,5,4,5,5,4,5,5,1,1,89.0625,90.625,1.5625
dc2fe02a-a349-4454-b559-33a0a99c93e8,290,17,Perempuan,P,Formal → Gen-Z,F→G,5,5,5,5,5,5,5,5,5,5,5,5,5,5,5,5,5,5,5,5,5,5,5,5,5,5,5,5,5,5,5,5,100.0,100.0,0.0
dc7c27d4-58c0-4023-aa65-197481ae5878,223,17,Perempuan,P,Formal → Gen-Z,F→G,4,5,2,4,5,5,5,5,5,4,5,5,4,4,3,3,4,4,4,3,4,5,5,4,4,4,4,5,5,5,2,2,76.5625,79.6875,3.125
dc81155d-357a-430a-9794-076cfe3cbd84,270,17,Perempuan,P,Formal → Gen-Z,F→G,4,4,3,4,4,4,4,4,4,4,2,4,4,4,4,4,4,4,4,4,4,4,4,4,4,4,4,4,4,4,2,2,67.1875,71.875,4.6875
dd470355-732c-41e5-92fd-361f99105eaf,218,17,Laki-laki,L,Gen-Z → Formal,G→F,5,5,2,2,3,4,2,3,4,3,2,4,5,3,4,4,4,4,4,2,4,3,4,1,3,3,3,2,4,5,2,2,60.9375,53.125,-7.8125
dd4db7f4-950e-4f80-8f6a-c868316cd80e,209,17,Perempuan,P,Formal → Gen-Z,F→G,3,3,3,3,4,4,4,5,4,4,1,2,4,3,4,4,4,4,5,5,4,4,5,4,3,4,5,5,4,4,3,3,68.75,70.3125,1.5625
de204d68-e8bf-4cfe-8ab5-f08a43278b7b,551,18,Laki-laki,L,Gen-Z → Formal,G→F,2,1,2,2,4,1,2,2,1,1,2,2,1,1,2,2,4,1,2,2,4,4,2,2,4,4,2,2,4,4,2,2,37.5,26.5625,-10.9375
de958466-b8e1-4a16-a4f5-687f140381f6,578,18,Laki-laki,L,Formal → Gen-Z,F→G,3,2,3,1,1,1,2,2,2,3,2,2,3,2,5,2,2,2,3,2,2,2,2,2,3,2,1,2,2,2,4,4,37.5,26.5625,-10.9375
e05a8139-7a25-4906-84cd-25aa5c58f6ff,221,18,Perempuan,P,Formal → Gen-Z,F→G,4,5,4,4,5,5,3,4,5,5,4,4,4,5,3,4,5,5,3,4,5,5,3,4,3,5,3,4,5,5,2,1,70.3125,82.8125,12.5
e11936f3-f370-450c-921b-f3bea1d1fd3c,564,18,Perempuan,P,Gen-Z → Formal,G→F,4,5,4,5,4,5,5,5,5,5,5,5,5,5,5,5,5,5,5,5,5,5,5,5,5,5,5,5,5,5,5,5,95.3125,100.0,4.6875
e15d5a84-d9b8-4c0b-abb9-329b871f01f3,425,17,Perempuan,P,Gen-Z → Formal,G→F,4,4,3,4,4,4,5,5,4,4,5,5,3,4,5,4,4,4,4,4,4,4,4,4,4,4,4,4,4,5,4,4,76.5625,79.6875,3.125
e1a90f66-30fc-4cf2-9d91-36fc6c02834b,10,17,Perempuan,P,Formal → Gen-Z,F→G,2,3,3,3,3,4,5,4,5,5,5,5,3,3,4,1,5,4,5,3,5,3,5,3,4,4,5,5,5,4,4,5,81.25,67.1875,-14.0625
e2187537-8c01-420b-a25d-829d0d1c9def,128,17,Laki-laki,L,Formal → Gen-Z,F→G,3,3,3,3,3,3,3,3,3,3,3,2,3,2,3,3,3,4,3,4,3,3,3,2,3,3,3,4,3,3,3,2,50.0,48.4375,-1.5625
e26f6f5a-51c8-4717-97b4-238077c8788d,576,17,Laki-laki,L,Formal → Gen-Z,F→G,2,5,3,2,5,5,4,5,4,4,3,5,4,4,3,5,5,5,4,5,5,5,5,5,4,4,5,4,5,5,1,1,71.875,82.8125,10.9375
e368793f-9393-4d88-8213-e7b7eea5cc0e,216,18,Laki-laki,L,Gen-Z → Formal,G→F,5,4,4,4,5,5,4,4,5,5,4,4,5,5,4,4,5,5,4,4,4,5,4,4,4,5,4,4,4,5,4,4,82.8125,85.9375,3.125
e3e67d66-ed4d-412a-833a-af992f87f895,213,18,Laki-laki,L,Formal → Gen-Z,F→G,3,3,1,3,4,3,3,3,2,3,3,3,3,3,4,3,4,3,3,3,3,3,3,3,3,3,3,3,3,3,3,3,50.0,50.0,0.0
e4132d30-45ba-4cba-b2b6-725a8b114c26,173,18,Laki-laki,L,Gen-Z → Formal,G→F,3,4,3,4,4,3,4,4,3,3,3,3,3,3,3,3,4,4,2,3,4,4,3,3,3,3,3,2,4,4,3,3,56.25,57.8125,1.5625
e47fb651-24d2-4f11-b85b-429c7414520a,397,18,Laki-laki,L,Formal → Gen-Z,F→G,4,5,5,5,4,5,5,4,4,5,5,4,4,5,5,5,5,5,5,5,5,5,5,4,5,5,5,5,4,5,4,5,90.625,95.3125,4.6875
e511e13a-4175-494e-8d48-146415dc4a4e,536,17,Laki-laki,L,Gen-Z → Formal,G→F,1,4,1,2,5,4,4,2,4,4,2,2,4,4,2,2,4,4,2,1,4,5,2,1,4,4,2,1,4,4,2,1,48.4375,45.3125,-3.125
e523b383-d212-469e-bf11-524a013474ef,300,7,Perempuan,P,Gen-Z → Formal,G→F,2,5,4,3,4,2,2,4,3,4,3,2,4,3,2,2,3,3,3,2,5,4,3,4,2,3,5,3,3,3,4,3,56.25,53.125,-3.125
e5673852-cb5a-42bc-93a1-be3861b46f82,146,17,Perempuan,P,Formal → Gen-Z,F→G,4,4,5,5,4,4,5,4,5,5,5,5,4,5,2,5,4,3,5,5,4,4,5,5,4,4,5,5,5,5,1,1,79.6875,82.8125,3.125
e594bcfa-02c1-4ddf-baa6-c84056d74bd1,316,17,Perempuan,P,Formal → Gen-Z,F→G,3,3,4,4,3,3,5,5,3,3,5,5,3,3,4,4,3,3,4,4,3,3,5,5,3,3,5,5,3,3,3,3,67.1875,67.1875,0.0
e59beb44-7f4c-435f-a4ab-63dcb964cfd6,289,17,Perempuan,P,Formal → Gen-Z,F→G,5,4,2,4,4,3,5,5,5,5,5,5,5,5,4,5,5,4,5,5,5,5,5,5,4,5,5,5,5,5,2,1,85.9375,85.9375,0.0
e5fa5595-c246-44b5-931c-0944349d4e80,231,17,Laki-laki,L,Gen-Z → Formal,G→F,5,5,5,5,5,5,5,5,5,5,5,5,5,5,5,5,5,5,5,5,5,5,5,5,5,5,5,5,5,5,5,5,100.0,100.0,0.0
e6410528-4c1b-4786-b54a-da3dc6d1a31d,39,18,Laki-laki,L,Formal → Gen-Z,F→G,3,4,4,4,5,3,5,4,4,4,3,2,4,4,2,4,3,3,4,3,4,3,3,3,2,4,3,2,4,5,4,3,64.0625,60.9375,-3.125
e65fc3e6-188d-4c08-8e29-c19774156351,443,18,Perempuan,P,Formal → Gen-Z,F→G,4,4,4,4,5,4,5,5,4,4,3,4,3,3,3,3,5,4,4,4,4,4,4,4,4,4,4,5,4,4,2,2,71.875,71.875,0.0
e681a436-d224-4031-929e-8167346e5e6b,361,17,Perempuan,P,Formal → Gen-Z,F→G,4,4,3,3,4,5,4,4,3,5,3,4,4,3,3,4,4,4,4,4,5,5,4,4,4,5,4,5,5,5,3,3,70.3125,79.6875,9.375
e6861a9d-dd12-4944-95b4-78b7da9a3363,205,18,Laki-laki,L,Formal → Gen-Z,F→G,5,5,1,1,5,5,1,1,5,5,1,1,5,5,1,1,5,5,1,1,5,5,1,1,5,5,1,1,5,5,1,1,50.0,50.0,0.0
e6dc7504-b2ca-4324-92db-ac36300a5529,564,18,Perempuan,P,Gen-Z → Formal,G→F,5,5,5,5,5,5,5,5,5,5,5,5,5,5,5,5,5,5,5,5,5,5,5,5,5,5,5,5,5,5,5,5,100.0,100.0,0.0
e8d8d5ee-1045-44f1-ac85-0c345f1bf996,61,17,Perempuan,P,Gen-Z → Formal,G→F,5,5,3,5,4,4,5,5,5,5,5,5,3,3,3,4,5,5,4,5,5,5,5,5,5,5,5,5,5,5,1,1,81.25,87.5,6.25
e9abdb74-ae9b-4f0a-90ac-40ce4e7f5e01,252,17,Perempuan,P,Formal → Gen-Z,F→G,5,5,4,4,5,3,5,5,5,5,5,5,4,5,4,4,3,4,4,4,5,5,5,5,3,3,5,4,5,5,3,3,84.375,82.8125,-1.5625
ea7e1c0b-4768-4c8b-90e4-322bf9dc1a91,527,17,Laki-laki,L,Formal → Gen-Z,F→G,2,4,3,5,4,3,5,5,4,5,2,5,4,4,4,5,5,4,5,5,3,4,4,5,4,3,5,5,5,4,5,5,75.0,85.9375,10.9375
eafff4f9-8b55-4556-a5c6-9974530f5014,405,18,Perempuan,P,Formal → Gen-Z,F→G,5,5,3,3,5,5,5,5,5,5,5,5,4,4,4,4,4,4,4,4,5,5,5,5,4,4,5,5,5,5,1,2,82.8125,84.375,1.5625
eb190305-092d-49dc-902e-82031d53e455,572,18,Perempuan,P,Formal → Gen-Z,F→G,5,5,3,5,5,5,5,5,5,5,4,5,4,4,4,4,5,5,4,4,5,5,5,5,5,5,4,4,5,5,5,1,89.0625,87.5,-1.5625
eb29483e-4b4e-413f-a42b-07ace05732da,514,17,Laki-laki,L,Gen-Z → Formal,G→F,3,3,3,3,3,3,3,3,3,3,3,3,3,3,3,3,3,3,3,3,3,3,3,3,3,3,3,3,3,3,3,3,50.0,50.0,0.0
eb35e65e-346b-416d-bf3f-a141cccfd8a9,219,17,Perempuan,P,Formal → Gen-Z,F→G,3,3,3,3,3,3,5,5,5,5,5,5,3,3,4,5,4,5,3,4,5,5,4,5,4,4,5,5,5,4,3,3,75.0,79.6875,4.6875
eb4cb43b-5a47-4380-a503-43114a285cb5,83,17,Perempuan,P,Formal → Gen-Z,F→G,5,5,5,5,5,5,5,5,5,5,5,5,5,5,5,5,5,5,5,5,5,5,5,5,5,5,5,5,5,5,1,5,93.75,100.0,6.25
ec06b41f-ccc4-4a3e-a477-53b8e15ad745,127,18,Perempuan,P,Gen-Z → Formal,G→F,4,4,4,5,5,4,5,5,5,4,5,5,3,3,5,5,4,4,5,5,5,5,5,5,4,4,3,5,4,4,2,2,81.25,82.8125,1.5625
ec876036-e5f5-4639-89e5-9cebc480c1be,187,17,Laki-laki,L,Formal → Gen-Z,F→G,5,5,1,1,5,5,1,1,5,5,1,1,5,5,1,1,5,5,1,1,5,5,1,1,5,5,1,1,5,5,1,1,50.0,50.0,0.0
ed38a015-237f-48d2-92cc-591e27abcff7,263,17,Perempuan,P,Gen-Z → Formal,G→F,5,5,5,5,5,5,5,5,5,5,5,5,5,5,5,5,5,5,5,5,5,5,5,5,5,5,5,5,5,5,5,5,100.0,100.0,0.0
ed694067-2d84-4b1a-8057-7faa0b013e55,155,18,Laki-laki,L,Formal → Gen-Z,F→G,3,3,3,3,3,3,5,3,3,3,5,3,3,3,4,3,3,3,5,3,3,3,5,3,3,3,4,3,3,3,3,3,65.625,50.0,-15.625
ee858cb9-859d-40a5-9ef5-706adbff46e4,146,17,Perempuan,P,Gen-Z → Formal,G→F,3,3,2,5,4,3,5,5,4,3,5,5,4,3,3,5,4,3,5,5,4,3,5,5,3,4,5,5,3,4,3,2,71.875,73.4375,1.5625
ee994e2a-8969-4a79-9d3e-eb0326e1aaca,485,18,Perempuan,P,Formal → Gen-Z,F→G,3,3,3,3,4,3,4,3,3,3,3,3,4,3,3,3,3,3,3,3,3,3,3,3,3,3,3,3,3,3,3,3,54.6875,50.0,-4.6875
ef77c13a-64a6-47c0-b95f-c0dc1c93f776,293,16,Perempuan,P,Formal → Gen-Z,F→G,5,5,5,5,5,5,5,5,5,5,5,5,5,5,5,5,5,5,5,5,5,5,5,5,5,5,5,5,5,5,1,1,93.75,93.75,0.0
f0d04943-b586-46d6-b61f-2a4dd3fd943e,298,17,Laki-laki,L,Formal → Gen-Z,F→G,4,4,4,4,4,4,5,2,4,4,4,4,3,4,3,4,4,4,4,4,4,4,5,4,3,4,4,4,4,3,3,2,71.875,67.1875,-4.6875
f140a75d-be14-49bd-abd1-3ea2f8b047c9,467,18,Perempuan,P,Formal → Gen-Z,F→G,3,3,3,3,3,3,3,3,3,3,3,3,3,3,3,3,3,3,3,3,3,3,3,3,3,3,3,3,3,3,3,3,50.0,50.0,0.0
f1ea06f6-5e4c-4440-9617-3fc450619a45,461,18,Laki-laki,L,Formal → Gen-Z,F→G,5,5,5,5,5,5,5,5,5,5,5,1,5,5,5,5,5,5,5,5,5,5,5,5,5,5,5,5,5,5,1,1,93.75,87.5,-6.25
f2012479-4056-4237-a8d1-f61e3a4265c2,215,17,Perempuan,P,Formal → Gen-Z,F→G,4,4,3,4,4,4,4,4,5,4,3,2,5,5,4,4,4,4,3,3,5,5,3,3,4,3,3,3,5,4,2,2,70.3125,65.625,-4.6875
f357762d-9966-4510-aef9-fe3b3c8cdead,76,17,Perempuan,P,Formal → Gen-Z,F→G,5,5,5,5,5,5,5,5,5,5,5,5,5,5,5,5,5,5,5,5,5,5,5,5,5,5,5,5,5,5,1,5,93.75,100.0,6.25
f37f6742-f5f9-45ff-984f-0f0476de67a8,303,17,Laki-laki,L,Formal → Gen-Z,F→G,3,3,3,3,3,3,3,3,3,3,3,3,3,3,3,3,3,3,3,3,3,3,3,3,3,3,3,3,3,3,3,3,50.0,50.0,0.0
f3912804-6a7a-4472-8962-5674fc1d4d30,316,17,Perempuan,P,Formal → Gen-Z,F→G,3,3,4,4,3,3,5,5,4,3,5,5,3,3,5,4,3,3,4,4,3,3,5,5,3,3,5,5,3,3,3,3,70.3125,67.1875,-3.125
f573854e-c90e-4a6c-89fb-f927fcc50f02,452,17,Perempuan,P,Gen-Z → Formal,G→F,4,4,4,5,5,5,5,5,5,5,5,5,5,5,4,5,5,5,5,5,5,5,5,5,5,5,5,5,5,5,1,1,89.0625,92.1875,3.125
f58b4785-d28a-45c6-8428-c899a15a2078,142,17,Perempuan,P,Formal → Gen-Z,F→G,3,3,3,3,3,3,3,3,3,3,3,3,3,3,3,3,3,3,3,3,3,3,3,3,3,3,3,3,3,3,3,3,50.0,50.0,0.0
f791d5e5-c61a-4fee-9cda-3744dac6c0e6,438,17,Perempuan,P,Formal → Gen-Z,F→G,3,3,3,3,3,3,3,3,3,3,4,4,2,2,4,4,4,4,2,2,3,3,2,2,2,2,2,2,4,4,3,3,48.4375,48.4375,0.0
f89bd81f-bac4-47ab-8822-628f00899c5d,296,17,Laki-laki,L,Gen-Z → Formal,G→F,2,3,3,3,2,3,4,4,2,3,4,3,2,3,3,4,2,3,3,3,3,2,3,3,2,2,3,3,2,3,3,4,42.1875,51.5625,9.375
f901661e-0a21-471e-9b08-6da4f5530e5e,259,17,Perempuan,P,Formal → Gen-Z,F→G,5,5,5,5,5,5,5,5,5,5,5,5,5,5,5,5,5,5,5,5,5,5,5,5,5,5,5,5,5,5,5,5,100.0,100.0,0.0
f9cd1900-cbe5-469b-bfe4-13419ade29c6,391,17,Laki-laki,L,Formal → Gen-Z,F→G,4,4,3,5,4,4,4,5,5,3,5,5,3,4,3,5,4,5,5,5,4,3,4,5,4,4,5,5,4,4,4,5,76.5625,85.9375,9.375
fa740275-ee9b-40da-a9f8-b18215a566fb,498,18,Perempuan,P,Gen-Z → Formal,G→F,2,2,4,4,2,2,4,4,2,2,4,4,2,2,4,4,2,2,4,4,2,2,4,4,2,2,4,4,2,2,4,4,50.0,50.0,0.0
fa817e95-3d52-4c83-8b9b-014cb97789d8,31,17,Perempuan,P,Gen-Z → Formal,G→F,5,5,1,1,5,5,1,1,5,5,1,1,5,5,1,1,5,5,1,1,5,5,1,1,5,5,1,1,5,5,1,1,50.0,50.0,0.0
fc3ffe6b-4178-440b-93aa-47cf7c8990dc,74,17,Perempuan,P,Gen-Z → Formal,G→F,5,5,1,1,5,5,1,1,5,5,1,1,4,5,2,1,5,5,1,1,4,5,1,1,4,5,1,1,4,5,1,1,45.3125,50.0,4.6875
fce941b9-efb1-4c37-9e1f-113e47b1cf72,158,17,Perempuan,P,Formal → Gen-Z,F→G,4,4,5,5,4,4,5,5,4,4,5,5,4,4,5,5,4,4,3,5,5,5,5,5,3,4,5,5,4,4,2,1,79.6875,82.8125,3.125
fd2d2564-39a0-4869-803c-0dc26faf0321,11,18,Perempuan,P,Formal → Gen-Z,F→G,5,5,5,5,5,5,5,5,5,5,5,5,5,5,5,5,5,5,5,5,5,5,5,5,4,5,5,5,5,5,1,1,92.1875,93.75,1.5625
fd32c89b-9c73-424d-9737-e57624dc8b49,143,17,Perempuan,P,Gen-Z → Formal,G→F,5,5,4,5,5,5,4,5,5,5,4,5,5,5,1,5,5,5,5,5,5,5,5,5,5,5,5,5,5,5,1,1,82.8125,93.75,10.9375
fe681d10-15a2-49d2-873f-24bc0dfb5825,305,17,Perempuan,P,Gen-Z → Formal,G→F,4,4,2,2,4,4,2,2,4,4,2,2,4,4,2,2,4,4,2,2,4,4,2,2,4,4,2,2,4,4,2,2,50.0,50.0,0.0
fe6fe9ed-a21a-4e4d-b496-81a77ca10cc1,167,18,Perempuan,P,Formal → Gen-Z,F→G,3,4,4,4,4,4,4,4,4,3,4,4,3,4,3,3,3,3,2,3,4,4,4,4,3,4,2,4,4,3,2,3,57.8125,65.625,7.8125
ff8ca51e-01c9-4d34-be2d-d1cf9f03bac1,498,18,Perempuan,P,Formal → Gen-Z,F→G,2,2,4,4,2,2,4,4,2,2,4,4,2,2,4,4,2,2,4,4,2,2,4,4,2,2,4,4,2,2,4,4,50.0,50.0,0.0
